IdEncuesta;Region;Sexo;Edad;esc;actividad;c1;c9a;c9b
840100205;8;2;25;17;3;ACTIVIDADES DE LA COMUNA;2;2
840101702;8;2;68;13;3;ACTIVIDADES;2;2
840103501;8;2;17;8;3;HACER ALGO;2;1
840102302;8;2;60;10;3;ANTIGUEDAD;2;2
840100102;8;2;25;17;3;ARTE;2;2
840100408;8;2;26;12;3;ARTE;2;2
840100612;8;1;65;14;2;ARTE;2;2
840101206;8;2;33;17;1;ARTE;1;NA
840101305;8;2;70;12;3;ARTE;2;2
840101507;8;1;65;4;3;ARTISTICO;2;2
840102414;8;2;39;12;3;ARTE;2;2
840102609;8;2;49;12;3;OBRAS DE ARTES;2;1
840103003;8;1;33;13;1;CREACION, PRODUCCION;1;NA
840103510;8;1;46;12;1;ARTE;2;2
840102409;8;2;60;12;3;ARTE, MUSICA;2;1
840102902;8;1;36;8;1;ARTE Y TEATRO;2;2
840102904;8;2;57;8;3;ARTE, TEATROS;2;2
840103604;8;1;33;12;3;MUSICA ARTE DEPORTE;2;1
840101303;8;2;52;8;1;OPERA DANZA LECTURA ARTE;2;1
840100301;8;1;69;6;1;CUECA, TRILLA;2;2
840100305;8;2;59;4;3;BAILES TIPICOS;2;2
840103010;8;2;49;10;1;DANZA;2;2
840103403;8;2;60;8;1;BAILE, ALEGRIA, DISFRUTAR LA VIDA;1;NA
840101504;8;2;29;13;1;CINE, JUEGOS TIPICOS, REPORTAJES;1;NA
840100206;8;2;23;12;1;LEER, CINE;2;2
840101302;8;2;60;12;1;LECTURA, CINE, EDUCACION;2;1
840102408;8;1;62;12;1;TEATRO, CINE, MUSEO;2;1
840100101;8;1;90;12;3;ESTUDIO;2;2
840100202;8;2;65;6;3;ESTUDIO;2;2
840100207;8;1;83;12;1;ESTUDIO;2;2
840100208;8;2;37;16;1;EDUCACION;2;2
840100306;8;1;26;11;3;ESTUDIO;2;2
840100312;8;1;55;12;1;EDUCACION;2;2
840100313;8;2;61;12;3;EDUCACION;2;2
840100403;8;1;80;14;3;APRENDIZAJE;2;2
840100407;8;2;78;7;3;ESTUDIO;2;2
840100409;8;2;54;17;1;CONOCIMIENTO;1;NA
840100601;8;1;60;12;3;UNA PERSONA CON MUCHO CONOCIMIENTO;1;NA
840100609;8;1;33;12;3;DESARROLLO, TEATRO,PINTURA;1;NA
840100702;8;2;91;16;3;SABER DE LA VIDA;2;1
840100704;8;2;52;11;1;CONOCIMIENTO;1;NA
840100705;8;2;84;6;3;APRENDIZAJE DE COSTUMBRES;2;1
840100801;8;2;55;11;1;SABIDURIA;2;2
840100802;8;1;20;10;2;CIENCIA, ARTE, ETC;2;2
840100804;8;1;35;9;1;SABIDURIA;2;1
840100805;8;2;31;19;1;EDUCACION, CREENCIAS,COSTUMBRE;2;1
840100806;8;2;58;6;3;ESTAR INFORMADO;2;2
840100807;8;2;67;11;3;SABIDURIA EDUCACION;2;1
840100808;8;1;62;12;1;CULTURA, SOCIEDAD, SABER, EXPERIMENTAR;1;NA
840100810;8;2;53;4;1;INFORMARSE;2;2
840100811;8;2;34;11;1;SABER DE TRADICIONES;2;2
840100814;8;1;32;11;1;SABIDURIA;1;NA
840100816;8;2;73;9;3;ESTUDIO,SABER COSAS;2;1
840100819;8;2;50;12;3;CONOCIMIENTO GENERAL;2;1
840100901;8;2;59;12;1;SABIDURIA;2;2
840100903;8;1;55;16;1;EDUCACION;2;2
840100905;8;2;78;3;3;CULTURA PLANTAS;2;2
840100907;8;1;54;17;1;CONOCIMIENTO;2;2
840100909;8;2;73;4;3;TENER BUENA RELACION CON OTRA PERSONA;2;2
840101005;8;1;74;16;3;CONOCIMIENTO;2;2
840101102;8;1;53;0;3;SABER COSAS IMPORTANTES, CONOCIMIENTOS;2;2
840101203;8;1;77;12;3;CONOCIMIENTO;2;2
840101204;8;2;50;14;3;SABIDURIA;2;1
840101208;8;2;53;17;1;CONOCIMIENTO;2;1
840101210;8;1;34;15;1;APRENDIZAJE, ENTRETENCION;2;2
840101301;8;2;26;18;1;EDUCACION, DIVERSION;2;1
840101402;8;2;52;8;3;DE SABER ALGO;2;2
840101405;8;1;56;4;1;EDUCACION;2;2
840101509;8;2;26;15;1;EDUCACION, RAICES;1;NA
840101602;8;2;74;6;3;CONOCIMIENTO;2;2
840101604;8;1;60;8;1;EDUCADO;2;1
840101704;8;2;73;6;3;EDUCACION QUE TIENEN LAS PERSONAS;1;NA
840101714;8;1;72;19;1;APRENDIZAJE;2;1
840101904;8;2;57;17;1;CONOCIMIENTOS;1;NA
840101910;8;1;63;17;3;CONOCIMIENTOS AMPLIOS;1;NA
840102005;8;2;27;13;1;CONOCIMIENTO DE DISTINTOS TEMAS;2;2
840102008;8;1;76;8;3;ESTUDIO;2;2
840102009;8;2;27;17;3;EDUCACION;2;2
840102102;8;1;22;16;3;SABER COSAS;2;1
840102103;8;1;77;8;3;SABIDURIA;2;2
840102204;8;2;54;14;3;CONOCIMIENTO;2;2
840102205;8;1;36;14;1;INFORMACION;2;1
840102303;8;1;58;12;1;APRENDIZAJE;2;2
840102305;8;2;59;7;3;MEJORAMIENTO,ENTRETENCION;2;1
840102309;8;2;58;12;1;APRENDIZAJE;2;2
840102310;8;1;54;6;1;SABIDURIA;2;2
840102511;8;2;17;12;3;SABER LO GENERAL A NIVEL MUNDIAL;2;1
840102514;8;1;35;14;1;EDUCACION;2;1
840102524;8;2;45;12;3;CONOCIMIENTO;2;2
840102603;8;2;17;11;3;SABER;2;1
840102606;8;1;35;15;1;CONOCIMIENTO;2;1
840102607;8;2;36;14;1;CONOCIMIENTO;1;NA
840102705;8;2;65;14;3;APRENDER;2;2
840102706;8;2;17;11;3;ESTUDIAR;2;2
840102802;8;1;60;14;1;EDUCARSE EN UNOS TEMAS;1;NA
840102803;8;1;85;6;3;EDUCACION;2;2
840102804;8;1;49;15;1;EDUCACION;2;1
840102905;8;1;43;12;1;SABER;1;NA
840102908;8;2;71;8;3;TENER CONOCIMIENTOS;2;2
840103002;8;1;58;12;1;APRENDER, CULTURA;2;2
840103004;8;2;49;12;1;EDUCACION;2;2
840103012;8;2;27;10;3;CONOCIMIENTO;2;2
840103015;8;2;83;12;3;ESTUDIOS PREPARACION;2;2
840103018;8;2;70;10;1;CONOCIMIENTO ARTE;2;1
840103309;8;2;50;12;3;ESTUDIAR,APRENDER;1;NA
840103310;8;1;35;12;1;CONOCIMIENTO;2;2
840103402;8;2;63;12;3;SABER;2;2
840103506;8;1;48;8;3;EDUCACION;2;2
840103509;8;2;76;6;3;SABER;2;2
840103602;8;2;59;12;1;SABER LLEVAR UN CONVERSACION BUENA VIDA CON VECINOS;2;2
840103703;8;1;78;12;1;CONOCIMIENTO;2;1
840103704;8;2;70;13;3;EDUCACION SABER CONOCIMIENTO;2;1
840103705;8;2;52;11;3;CONOCIMIENTOS INFORMACION;2;2
840100308;8;2;95;4;3;VIVIR;2;2
840100402;8;2;86;3;3;TRABAJO;2;2
840100410;8;1;66;17;1;CONOCIMIENTO DE SER HUMANO;2;2
840100610;8;1;49;18;1;COSTUMBRES Y TRADICIONES;1;NA
840100611;8;1;15;8;3;TRADICIONES DE PAICES;2;1
840100815;8;1;37;12;3;NUESTRAS RAICES;2;1
840101002;8;1;15;9;3;INDEPENDIZACION;2;1
840101205;8;1;37;17;1;CREENCIAS;2;2
840101209;8;2;25;17;3;ES LO QUE SESABE DEL PAIS;2;2
840101712;8;2;74;17;3;COSTUMBRES Y TRADICIONES;2;1
840101718;8;2;73;6;3;CULTIVARSE;2;1
840101804;8;1;24;16;1;COSTUMBRES Y TRADICIONES;2;2
840101805;8;1;27;12;1;COSAS DE LA VIDA;2;2
840101905;8;1;55;12;1;COSTUMBRES Y TRADICIONES;2;2
840101906;8;2;25;17;3;TRADICIONES DE CADA PAIS,HISTORIA;2;1
840102014;8;1;72;3;3;PARTICIPACION;2;2
840102401;8;2;49;12;3;VISITAR ZONAS DONDE APRENDER SOBRE NATURALEZA, BIBLIA Y CINE;2;2
840102402;8;1;28;17;1;ESTILOS DE VIDA;2;1
840102403;8;2;48;17;1;PATRIMONIO, ECOSISTEMA, BIODIVERSIDAD,TRADICIONES;2;1
840102411;8;2;26;12;3;COSTUMBRES Y TRADICIONES;1;NA
840102515;8;2;26;17;1;COMO NOS RELACIONAMOS;2;1
840102517;8;1;17;9;3;DIFERENTES COSTUMBRES, MAPUCHES;2;1
840103008;8;2;42;10;1;LAS RAICES,FLORCLOR;2;1
840103301;8;1;52;10;1;DEPORTES;2;2
840103805;8;2;57;13;2;FORMACION PERSONAL;1;NA
840103101;8;2;17;11;1;DIVERSIDAD CULTURAL;2;1
840100315;8;2;71;8;3;ENTRETENCION;2;2
840100602;8;2;46;11;1;ENTRETENCION;2;1
840101706;8;2;33;12;3;ENTRETENCION;2;1
840102508;8;2;51;15;1;DIVERSION, MUSICA, BAILE;2;2
840103023;8;2;68;4;3;ENTRETENCION;2;2
840100310;8;2;28;16;1;ESCRITURA;2;1
840102308;8;2;34;17;1;ESCULTURA,ARQUITECTURA,MUSICA;2;1
840103020;8;1;18;12;3;TRIBUS URBANAS;1;NA
840102702;8;2;47;6;3;FAMILIA;2;2
840100606;8;1;50;12;1;FOLCLOR,LECTURA;2;2
840102306;8;1;53;12;1;FLORKLOR;2;1
840103202;8;2;60;8;1;FLORCLORE;2;1
840102901;8;1;55;12;3;GABRIELA MISTRAL;2;2
840100401;8;2;53;8;1;HISTORIA;2;2
840100809;8;1;24;17;1;HISTORIA;1;NA
840100906;8;2;18;12;3;HISTORIA DE OTROS ORIGENES;2;1
840101304;8;2;15;11;3;HISTORIA;2;1
840102012;8;2;37;16;1;HISTORIA;2;1
840102202;8;2;69;12;3;HISTORIA;2;2
840102906;8;2;21;10;1;HISTORIA DE CADA LUGAR;2;2
840101503;8;2;31;17;1;IDENTIDAD;1;NA
840102405;8;1;27;16;3;RAZAS;2;1
840103021;8;1;40;12;1;RELACIONADO CON NUESTRAS RAICES;2;2
840103804;8;2;22;12;1;RAICES EVENTOS TEATRO;2;2
840100604;8;2;71;14;3;LEER;2;2
840101004;8;1;23;12;3;LEER  ESTUDIO;2;2
840101708;8;2;58;12;1;LECTURA, DISTRACCION, EMOCIONES;2;1
840102523;8;1;58;15;1;CONOCIMIENTO GENERAL, LECTURA;2;2
840100302;8;2;27;12;3;MUSEO, HISTORIA DE CHILE;2;1
840100307;8;1;69;9;3;MUSEO  BAILE;2;2
840100616;8;2;31;16;1;MUSEOS, HISTORIA;2;2
840102006;8;2;71;12;3;MUSEO Y PINTURAS;1;NA
840102015;8;2;38;12;3;MUSEO;2;2
840102703;8;1;36;12;3;MUSEO;2;2
840103013;8;2;47;13;1;MUSEOS;2;2
840103001;8;1;53;12;1;MUSICA;2;1
840103204;8;1;25;12;3;VIOLETA PARRA;1;NA
840102909;8;1;54;12;3;MUSICA, OBRA DE TEATRO;1;NA
840102602;8;2;40;10;3;OBRA DE TEATRO, MUSICA, CINE;2;2
840101605;8;2;54;8;1;MUSICA, ENTRETENCION;1;NA
840101404;8;1;71;5;3;MUSICAL;2;2
840100505;8;2;57;7;1;NATURALEZA;2;2
840100620;8;2;82;6;3;NADA;2;2
840101103;8;2;70;3;3;NADA;2;2
840101501;8;2;69;1;3;NO SABE;2;2
840101801;8;2;59;8;3;NADA;2;2
840102010;8;1;75;11;1;NADA;2;2
840102512;8;2;53;6;1;NADA;2;2
840102516;8;2;30;17;1;NADA;2;1
840102521;8;1;15;9;3;NO SE;2;2
840102709;8;2;67;4;3;NADA;2;2
840102907;8;2;27;8;3;NADA;2;2
840103006;8;2;78;2;3;NADA;2;2
840103011;8;1;30;12;1;NADA;2;1
840103302;8;1;70;8;1;NADA;2;2
840103503;8;1;85;3;3;NO SABE;2;2
840100812;8;2;25;12;1;PINTURA;2;2
840100314;8;1;94;3;3;TEATRO;2;2
840100608;8;1;55;2;3;TEATRO;2;2
840100613;8;2;39;18;3;TEATRO, OBRAS;2;2
840100813;8;2;49;12;1;OBRAS DE TEATRO;2;2
840101202;8;2;47;12;1;TEATRO;2;2
840102701;8;2;28;12;3;TEATRO;2;2
840103007;8;2;22;10;3;TEATRO;2;2
840103019;8;1;41;12;1;TEATRO  ARTESANIA ANTIGUA;2;2
840103304;8;2;65;0;3;TEATRO;2;2
840103308;8;1;66;8;1;OBRAS DE TEATRO EXPOSICIONES;2;2
840102004;8;2;16;10;3;ES UN TODO LA SOCIEDAD;1;NA
840102505;8;2;23;16;3;ARTE TODO LO SOCIAL;2;1
840102519;8;1;48;15;1;TODO LO HACE EL HOMBRE;1;NA
840103404;8;2;64;12;3;TODO LO VISUAL QUE SE PUEDA ARREGLAR BONITO;1;NA
840600313;8;2;38;17;1;ACTIVIDADES ARTISTICAS;2;1
842100103;8;2;45;6;1;PROYECTO CULTURAL;2;2
842100304;8;2;52;6;1;ACTIVIDADES;2;2
840600201;8;1;21;12;1;ANTIGUEDAD;2;2
840600106;8;1;82;6;3;ARTE;2;2
840600301;8;1;54;13;1;ARTE, SABER, ENTENDER;2;1
840600306;8;2;62;12;1;ARTES EN GENERAL;2;2
840600320;8;2;72;13;3;ARTISTICO;2;1
840600601;8;1;22;12;1;OBRAS ANTIGUEDAD ARTE;2;2
841600403;8;2;27;12;1;ARTE;2;1
841600510;8;2;81;5;3;ARTE;1;NA
841600605;8;2;75;6;3;ARTE;2;2
841600707;8;1;59;12;1;ARTE, PINTURA;1;NA
842100104;8;1;37;6;1;ARTE;2;2
842100108;8;2;29;11;1;ARTE;2;2
842100110;8;1;52;10;1;ARTE;2;2
842100113;8;2;77;0;3;ARTE;2;2
840600504;8;1;61;17;1;ARTES, CINE, POESIA;2;1
841600405;8;2;41;12;3;ARTE,  MUSICA Y LECTURA;2;1
840600408;8;2;46;12;3;ARTE, TEATRO,MUSICA;1;NA
841600601;8;1;79;6;1;ARTE, LA MUSICA, EL CANTO, EL BAILE;2;1
841600111;8;2;64;8;1;PINTAR, DANZA;2;2
841600105;8;2;44;4;2;CINE;2;2
840600102;8;2;68;7;3;ACTUACION APRENDIZAJE;2;2
840600103;8;1;68;12;3;CONOCIMIENTO;2;2
840600109;8;2;22;13;1;CULTURA REGION;2;1
840600202;8;2;36;12;3;CONOCIMIENTO;2;1
840600302;8;2;26;17;1;EDUCACION;1;NA
840600304;8;2;62;12;3;SABER;1;NA
840600307;8;1;58;15;1;SABER;2;2
840600308;8;2;54;5;1;SABER;2;2
840600309;8;2;81;6;3;APRENDER EL ARTE;1;NA
840600402;8;2;66;12;3;TENER CONOCIMIENTOS, SALIR DE LA IGNORANCIA, PROTEGER EL MEDIO AMBIENTE,;1;NA
840600602;8;2;61;13;2;CONOCIMIENTO;2;1
840600703;8;2;40;12;3;SABER SOBRE HISTORIA DE UN PUEBLO;2;2
840600704;8;2;48;12;1;CONOCIMIENTO;2;2
840600710;8;2;75;10;3;INTRUIRSE;2;2
841600108;8;1;40;12;1;ESTUDIO;2;2
841600110;8;1;34;6;1;CULTURA PO;2;2
841600115;8;2;51;12;3;ENSEÑANZA;2;2
841600402;8;2;70;4;3;ENSEÑAR;2;2
841600404;8;1;37;12;1;SABER VIVIR, RESPETAR;2;1
841600506;8;1;41;15;1;CONOCIMIENTO;2;2
841600507;8;2;67;12;3;EDUCACION;2;2
841600603;8;2;42;12;1;APRENDER MAS DEL PAIS;2;1
842100101;8;2;69;6;3;ESTUDIO;2;2
842100203;8;2;35;17;3;CONOCIMIENTO;2;1
840600203;8;2;67;6;1;COLECCIONES, CASA DE LA CULTURA;2;2
840600205;8;2;20;14;3;FORMA DE VIDA;1;NA
840600317;8;1;34;15;1;LO NOS REPRESENTA COMO SERES HUMANOS;2;1
840600407;8;2;43;12;1;COMO UNO SE RELACIONA CON ENTORNO;2;1
840600503;8;2;28;15;1;TRADUCCIONES, FORMA DE VIVIR;2;1
840600604;8;1;48;12;3;PARTE DE LA EDUCACION  QUE COMPRENDE VARIOS AMBITOS TEATRO;2;2
840600605;8;1;56;10;1;CONOCIMIENTO DE TRADICIONES;2;2
840600701;8;2;15;10;3;COSTUMBRES Y TRADICIONES;2;2
840600707;8;2;63;8;3;COSTUMBRES Y TRADICIONES;2;2
841600106;8;2;38;3;1;CAMPO;2;2
841600204;8;2;53;12;1;TRABAJO DEL CAMPO;2;2
841600206;8;2;55;14;3;HECHO HISTORICO;2;2
841600208;8;1;60;12;1;LO CREADO POR EL HOMBRE;2;2
841600704;8;1;60;12;1;RODEO Y FOLCKLOR;1;NA
841600709;8;2;65;8;1;SER EDUCADA;2;2
842100102;8;2;63;8;3;CAMPO;2;2
842100105;8;1;26;15;3;TRADICIONES;2;2
842100112;8;1;55;12;1;NUESTRAS RAICES;2;2
842100202;8;2;18;12;3;LO QUE REPRESENTA CADA PAIS;2;1
842100210;8;1;52;4;1;TRADICIONAL;2;2
842100302;8;1;46;12;1;DOS TIPOS TRADICION;2;2
842100305;8;2;40;15;1;TRADICIONES, FLOCLORE, BAILE, VESTIMENTAS;2;1
840600305;8;2;47;15;1;MANIFESTACIONES;1;NA
840600310;8;2;86;5;3;EXPRESION;2;2
841600112;8;2;49;12;1;FOLCLOR, TRADICIONES, DEPORTE;1;NA
841600203;8;1;35;12;1;FLORCLORE;2;2
840600708;8;2;17;12;3;HISTORIA;1;NA
841600801;8;2;18;12;3;HISTORIA;2;2
840600318;8;2;38;12;3;INTERIORIZARSE  DE LA HISTORIA;2;2
840600410;8;1;22;15;1;IDENTIFICACION DE UNA SOCIEDAD;2;1
841600401;8;2;48;10;3;RAICES DE SU PAIS, COSTUMBRES, COMO CONVERSAR;2;2
841600501;8;2;26;17;1;RAICES, MUSICA Y ARTE;2;1
840600505;8;1;68;17;1;LECTURA,;2;1
842100114;8;1;70;12;3;LECTURA;2;2
841600604;8;2;58;11;1;MUSEO;2;2
842100206;8;2;34;12;3;MUSEO LIBRO PINTURA;2;2
841600209;8;1;79;4;3;MUSICAL;2;2
841600304;8;2;53;2;3;VIOLETA PARRA;2;2
841600708;8;1;15;9;3;VIOLETA PARRA;2;1
841600706;8;1;30;10;1;MUSICA TEATRO;1;NA
840600107;8;2;63;6;1;TEATRO, CINE, DANZA, MUSICA;2;1
841600102;8;2;92;2;3;NADA;2;2
841600104;8;1;48;0;2;NADA, NO SABE LEER;2;2
841600113;8;1;57;2;1;NO SABE;2;2
841600202;8;2;66;4;1;NADA;2;2
841600302;8;2;75;0;3;NO SABE;2;2
841600705;8;1;27;12;3;NADA;2;2
841600803;8;1;50;3;1;NADA;2;2
841600805;8;1;86;0;3;NO SABE;2;2
842100111;8;2;28;12;1;NO SABE;2;2
842100205;8;1;62;6;3;NADA;2;2
841600107;8;2;65;5;3;PINTAR;2;2
841600703;8;1;59;11;3;PINTURA;2;1
840600405;8;2;67;10;3;TEATRO;2;2
841600210;8;2;62;12;3;TEATRO;2;1
841600301;8;2;27;12;1;OBRAS;2;2
842100106;8;2;29;10;3;TODO LO QUE TIENE QUE VER CON EL PAIS;2;2
842100201;8;2;44;14;1;TODO LO DE VIVENCIA DEL PUEBLO ES UN TODO;2;1
842100208;8;1;45;8;1;CUALQUIER COSA;2;2
811201002;8;2;19;12;3;18 DE SEPTIEMBRE;2;2
811002502;8;2;37;19;1;ACERVO;1;NA
811002107;8;2;17;9;3;ACONTECIMIENTOS;2;1
810100911;8;2;60;8;1;EVENTO ARTISTICO;2;2
810101107;8;2;48;17;1;ACTO HUMANO;2;2
810101109;8;1;75;16;3;ACTIVIDADES ARTISTICAS;1;NA
810101206;8;2;78;6;3;PARTICIPACION EN ACTIVIDADES;2;2
810101518;8;2;53;6;1;LAS ACTIVIDADES EN JUNTAS DE VECINOS, CONCIERTOS, OBRAS DE TEATRO;1;NA
810101910;8;2;59;12;1;EVENTOS, CONCIERTOS;2;2
810102301;8;1;70;19;1;ACTOS CULTURALES, TEATRO Y EXPOSICIONES DE PINTURA;1;NA
810201304;8;2;30;15;1;ACTIVIDADES RECREATIVAS;2;1
810201404;8;1;39;16;1;ACTOS CULTURALES;2;1
810201505;8;1;42;14;1;EXPOSICION, ARTE, MUSICA, TEATRO;1;NA
810300502;8;2;44;15;1;EXPERIENCIA;2;1
810801003;8;1;42;17;1;ESPACIO O MOMENTO DE UNIFICACION DE DISTINTAS AREAS ARTISTICAS;2;2
811000402;8;2;60;8;3;ACTIVIDADES AL AIRE LIBRE;2;2
811000503;8;2;67;12;3;EXPOSICIONES;2;1
811000709;8;2;36;11;1;ACTIVIDADES FESTIVALERAS;2;2
811000710;8;1;57;8;1;ACTIVIDADES DEPORTIVAS;2;2
811001109;8;2;74;6;3;ACTIVIDADES;2;2
811001304;8;2;70;12;3;ACTIVIDAD CULTURAL;2;2
811001702;8;2;16;11;3;ACTIVIDADES CULTURALES;2;2
811002102;8;1;20;9;3;ACTIVIDADES;2;1
811200203;8;1;26;12;1;EXPOSICION;2;1
811200605;8;2;23;15;2;ACTIVIDADES AL AIRE LIBRE;1;NA
811200811;8;2;75;5;3;EXPOSICION;2;1
830100709;8;2;70;10;3;PROYECTOS;2;1
830500301;8;2;65;16;3;UTILIZAR TIEMPO;2;1
830500304;8;1;40;16;1;ACTIVIDADES;2;1
811000212;8;2;76;5;3;AMABILIDAD;2;2
830100902;8;1;20;12;1;AMBIENTE;2;2
810100803;8;2;26;12;1;ANTIGUEDADES;2;1
810100103;8;2;27;19;1;ARTE;2;1
810100113;8;2;19;13;3;ARTES, MUSEOS;2;1
810100903;8;2;50;12;3;ALGO ARTISTICO;2;2
810100905;8;2;48;11;1;ARTE;2;2
810100914;8;2;25;17;1;RELACION CON EL AMBITO ARTISTICO;2;1
810100916;8;1;52;4;1;ARTE;2;2
810100918;8;1;70;11;1;ARTE;2;2
810100919;8;1;45;12;1;ARTE;2;2
810100921;8;1;55;12;1;ARTE;2;2
810101003;8;1;52;14;1;ARTES;2;1
810101004;8;1;22;14;3;ARTE;2;1
810101009;8;1;34;14;1;ARTE;2;1
810101101;8;2;43;16;1;ARTE;1;NA
810101205;8;1;57;17;1;ARTE;2;1
810101502;8;2;54;8;1;ARTE, SABER Y APRENDER;2;1
810102304;8;2;16;10;3;ARTE;1;NA
810200203;8;2;30;16;1;ARTE;2;2
810200504;8;1;41;15;1;ALGO ARTISTICO;2;2
810200510;8;1;53;18;1;ARTE;1;NA
810200603;8;2;42;12;1;ARTE;1;NA
810200704;8;2;62;6;3;ARTES;2;2
810200903;8;1;54;4;3;ARTE;2;2
810200904;8;2;48;12;3;ARTE;2;2
810201201;8;2;68;4;1;ARTE;2;2
810201202;8;2;62;12;3;OBRA DE ARTE;2;1
810201303;8;2;17;11;1;ARTE;1;NA
810201502;8;1;33;17;1;ARTE;2;1
810201504;8;2;37;13;3;ARTE;1;NA
810300302;8;1;43;12;1;DIBUJO;2;2
810300309;8;2;17;12;3;ARTE;2;2
810300403;8;1;58;7;1;ARTE;2;2
810300406;8;2;47;12;3;ARTE;2;2
810300702;8;1;35;16;1;ARTE;2;2
810300708;8;2;72;10;3;DIBUJOS NATURALEZA;2;2
810300725;8;2;16;9;3;ARTE;2;1
810600103;8;2;27;13;1;ARTE;1;NA
810600105;8;1;38;8;1;ARTISTICO;2;2
810600110;8;1;57;2;1;ARTE;2;2
810600203;8;2;60;8;1;ARTE;2;2
810600401;8;2;30;8;3;ARTE;2;2
810600407;8;2;21;15;2;ARTE;2;2
810600410;8;2;92;6;3;ARTE;2;2
810600605;8;2;60;12;3;ARTE;2;2
810600702;8;2;84;15;3;ARTE;2;1
810600703;8;2;69;16;3;CREAR;2;1
810600803;8;2;15;10;3;ARTE;2;2
810600905;8;1;49;3;3;ARTE;2;2
810700115;8;1;23;14;1;CONOCIMIENTO DE LAS ARTES;2;1
810700306;8;2;45;12;1;SON LAS COSAS QUE TIENEN QUE VER CON LO ARTISTICO;2;1
810700403;8;2;18;13;3;RELACIONADO CON EL ARTE Y LAS TRADICIONES DE LOS LUGARES;1;NA
810800302;8;2;38;12;1;ARTE;2;2
810800307;8;2;21;12;1;ARTE;2;2
810800310;8;2;59;8;1;ARTE;2;2
810800404;8;1;15;9;3;ARTE;2;2
810800504;8;2;55;9;3;ARTE;2;2
810800604;8;1;22;10;2;ARTE;2;2
810800610;8;2;15;8;3;ARTE, PINTURA, DIBUJO;1;NA
810800915;8;2;41;17;1;ARTE;2;1
811000505;8;1;61;12;1;ARTE;2;2
811000604;8;1;58;8;1;ARTE;2;1
811000805;8;1;64;8;3;TENER ESPACIOS PARA EL ARTE;2;1
811000904;8;2;51;17;1;ARTE;2;1
811001104;8;2;53;17;1;ARTE;2;2
811001106;8;2;25;14;1;ARTE;2;2
811001107;8;1;56;15;1;OBRAS, PATRIMONIOS, MUSICA;2;2
811001203;8;1;23;13;3;ARTE;2;2
811001401;8;1;42;12;1;ARTE;1;NA
811001404;8;2;47;12;1;DIBUJOS;2;2
811001601;8;2;45;10;1;ARTE;2;1
811001602;8;2;31;10;1;ARTE;1;NA
811001610;8;2;23;16;3;ARTE;1;NA
811001813;8;1;55;10;1;ARTE;1;NA
811001910;8;2;67;12;3;ARTE;2;2
811002001;8;1;65;12;1;ARTE;2;1
811002108;8;2;67;14;3;ARTE;2;1
811002201;8;2;46;17;1;ARTE;2;1
811002305;8;2;38;6;3;ARTE;2;2
811100405;8;2;39;12;3;ARTE;2;2
811100702;8;2;37;12;3;ARTE;2;1
811200205;8;2;52;15;1;ARTE;2;2
811200304;8;1;30;18;3;ARTE CONOCIMIENTO;2;1
811200401;8;1;58;11;1;ARTE;2;2
811200402;8;1;39;16;1;ARTE, PINTURA Y ARTE;2;1
811200410;8;2;63;12;3;ARTE;2;2
811200501;8;1;25;17;1;ARTE;1;NA
811200707;8;2;26;17;1;ARTE;2;2
811201212;8;1;70;11;1;ARTE;2;2
811201215;8;2;58;5;1;ARTE;2;1
811201405;8;1;34;17;1;ARTE;2;1
811201406;8;1;60;17;3;ARTE;2;1
811201408;8;1;21;15;3;ARTE;1;NA
820100103;8;2;54;12;3;ARTE CIENCIA COLORES;2;1
820500101;8;2;56;12;1;ARTE, PINTURA;2;2
820500301;8;1;63;17;1;ARTE, NACIMIENTO;1;NA
820500302;8;2;69;8;3;ARTE;2;2
820500401;8;1;32;8;1;ARTE;2;2
830100202;8;1;28;19;1;ARTE;1;NA
830100305;8;1;24;12;1;ARTE;2;1
830100408;8;1;84;12;3;ARTE;1;NA
830100804;8;1;26;12;1;ARTE;2;2
830101309;8;2;43;13;3;ARTE;2;1
830101708;8;2;25;16;3;ARTE;2;2
830500201;8;2;34;15;1;ARTISTICO;2;2
830500404;8;1;38;12;1;ARTE;2;2
830101220;8;2;32;12;1;ARTE PINTURA;2;2
810101520;8;2;37;17;1;ARTE Y CONOCIMIENTO;2;1
830101513;8;2;51;12;1;ARTE ESCULTURA;2;1
810102225;8;1;24;16;3;ARTE Y MUSICA;2;1
810102407;8;1;48;12;1;ARTES MUSICA;2;2
810200703;8;2;26;12;3;ARTE, MUSICA;2;2
810201103;8;2;50;10;1;MUSICA ARTE;2;1
810201305;8;1;39;15;1;ARTE, MUSICA;2;1
810700111;8;2;53;12;1;VIOLETA PARRA, ARTESANIAS, MUSEOS;2;1
811000201;8;2;24;14;1;MUSICA, ARTE;2;2
811001408;8;2;48;14;1;ARTE, MUSICA;1;NA
811001501;8;2;48;12;3;ARTE, MUSICA;2;1
811002306;8;1;52;12;1;ARTE, MUSICA;2;1
811002310;8;2;61;8;1;ARTE, MUSICA;2;2
811200102;8;2;73;12;3;ARTE, MUSICA;2;1
830500512;8;1;15;9;3;ARTE, MUSICA;2;1
810801306;8;2;54;10;3;PINTURA ARTE;2;2
810300410;8;1;39;8;3;ARTE, TEATRO;2;2
830101603;8;2;39;16;2;ARTE, TEATRO;1;NA
830500515;8;1;33;12;1;ARTE, EDUCACION, BAILE;1;NA
830101508;8;1;26;18;3;MUSEO, ARTE, CINE;1;NA
810102405;8;2;34;14;1;TEATRO, CINE, ARTE;2;1
830300304;8;1;23;15;3;ARTE, CINE, TEATRO;1;NA
810301001;8;2;81;10;3;ARTE, CONOCIMIENTO DE ORIGEN;1;NA
810100320;8;1;22;13;3;ARTE, EXPRESION;1;NA
810100901;8;2;38;16;3;HISTORIA, ARTE, MUSICA;1;NA
811000605;8;1;43;12;1;ARTE, LITERATURA, MUSICA;2;1
830101210;8;1;40;15;1;ARTE, MUSICA, LITERATURA;2;1
810102620;8;1;62;4;1;MUSICA, ARTE, TEATRO;1;NA
810300310;8;1;54;12;3;ARTE, MUSICA, TEATRO;2;2
830100603;8;2;18;13;3;MUSICA, TEATRO, ARTE;1;NA
810800403;8;1;27;15;1;ARTESANIA;2;2
811001301;8;2;44;12;1;ARTESANIAS;2;1
811001819;8;2;50;11;3;ARTESANIAS;2;2
811100203;8;2;66;10;3;ALGO BUENO PARA UNO;2;2
830101102;8;2;50;9;1;ALGO BONITO;2;1
810700310;8;2;28;12;1;EL BAILE;2;1
811000301;8;1;49;12;1;DANZAS;2;2
810101515;8;2;41;5;3;BELLEZA;2;2
830500507;8;2;45;9;1;BLIBLIOTECA MUSEO CINE;2;2
811200105;8;1;84;10;3;BIENESTAR;2;2
810101404;8;2;70;6;3;CINE;2;2
811001817;8;1;34;12;1;CINE;2;2
811201009;8;2;55;6;1;SALIR AL CINE;2;2
811201407;8;1;90;6;3;CINE;2;1
830100504;8;2;50;12;1;CINE, CIRCO, TEATRO;2;2
810100501;8;1;22;12;1;CINE, LIBROS;2;1
810200105;8;1;59;16;3;CINE, VIDA, TEATRO;1;NA
810300105;8;2;61;12;3;TEATRO, CINE, TELEVICION;2;2
810300503;8;2;67;12;3;CINE, TEATRO;2;2
810300607;8;2;59;8;3;TEATRO, CINE;1;NA
811000801;8;2;61;12;3;TEATRO, CINE, PINTURA, EXPOSICION ARTE;2;1
830101305;8;2;42;12;3;TEATRO, CINE;2;2
810102401;8;1;35;12;1;CINE, ARTE, ENTRETENCION;2;2
811100604;8;2;57;8;3;TEATRO, CINE, LIBROS;2;1
810100106;8;1;30;16;1;CIENCIAS Y ARTE;1;NA
810100503;8;1;67;11;3;EDUCACION;2;2
810100508;8;2;64;9;3;CONOCIMIENTO;2;2
810100509;8;1;57;12;1;CONOCIMIENTO;2;1
810100606;8;2;73;17;3;AVANCE;1;NA
810100608;8;1;49;13;1;CONOCIMIENTO;2;1
810100611;8;2;72;12;3;EDUCACION;2;2
810100617;8;1;50;12;3;EDUCACION;1;NA
810100619;8;1;83;8;3;SEÑAL GENERALIZADA DE CONOCIMIENTO;2;1
810100802;8;2;65;10;1;APRENDIZAJE Y QUE NUESTRO PAIS ES POBRE EN CULTURA;2;1
810100806;8;1;20;14;3;EDUCACION Y DESCENDENCIA;2;1
810100904;8;2;19;12;2;APRENDER;1;NA
810100906;8;1;42;15;1;INFORMARSE Y TENER CONOCIMIENTO;2;1
810100917;8;1;27;14;1;CONOCIMIENTO;1;NA
810100926;8;2;82;3;3;APRENDIZAJE;2;2
810101001;8;1;45;15;1;CONOCIMIENTO;2;1
810101002;8;2;52;14;1;EDUCACION;2;2
810101106;8;1;24;16;3;CIENCIA;2;1
810101406;8;1;45;14;1;EDUCACION;2;2
810101507;8;2;35;17;1;EDUCACION, CONOCIMIENTO;2;1
810101512;8;2;79;10;3;CONOCIMIENTO;2;2
810101601;8;1;27;13;3;PERSONA EN FORMACION;1;NA
810101605;8;1;34;17;1;CONOCIMIENTO;2;2
810101608;8;2;50;16;1;EDUCACION;2;1
810101903;8;2;57;12;3;ESTUDIAR;1;NA
810101904;8;1;25;12;1;CULTURA;2;1
810102101;8;1;66;3;1;EDUCACION;2;2
810102206;8;2;33;12;3;INFORMACION;2;1
810102210;8;1;54;16;1;CONOCIMIENTO;2;1
810102212;8;2;60;17;3;UNIVERSIDAD;1;NA
810102224;8;1;26;16;1;VISION;1;NA
810102302;8;1;66;12;3;EDUCACION;2;1
810102305;8;2;42;12;1;SABER SOBRE ETNIAS DIFERENTES;2;1
810102307;8;1;80;7;3;CONOCIMIENTO;1;NA
810102309;8;2;84;12;3;INFORMACION;2;2
810102605;8;2;58;18;1;SABER CONOCIMIENTO EDUCACION ATINGENTE A UN PAIS;1;NA
810102609;8;2;43;13;1;CONOCIMIENTO;2;1
810102617;8;2;49;12;1;SABER;2;1
810102701;8;2;62;3;3;APRENDIZAJE DE EDUCARME MAS;1;NA
810200210;8;2;80;8;3;EDUCACION;2;2
810200402;8;2;52;12;1;CONOCIMIENTO;2;1
810200521;8;1;67;8;1;EDUCACION;2;2
810200525;8;1;56;12;1;EDUCACION, COSTUMBRES Y TRADICIONES;2;1
810200602;8;2;61;8;3;ESTUDIOS;2;2
810200705;8;2;57;3;3;CULTURA;2;2
810201205;8;1;45;8;1;PRESENTACIONES ARTISTICAS, TEJIDOS, ETC;2;2
810201308;8;2;56;15;1;CONOCER LOS ANTEPASADOS;2;2
810201401;8;1;23;14;3;ESTUDIOS, LECTURA;2;1
810201501;8;2;65;7;3;CULTURA DE LOS PASADOS, SABER EXPRESARSE;2;2
810201509;8;1;24;17;1;CONOCIMIENTO BASICO DE TRADICIONES;2;2
810201706;8;1;18;12;1;EDUCACION EN LA CASA;2;2
810300203;8;1;31;17;1;EDUCACION;1;NA
810300303;8;1;72;15;1;EDUCACION;2;1
810300308;8;1;72;4;1;ENSEÑANZA QUE TIENEN UNO CUANDO  SOBRE PUEBLOS ORIGINARIOS;2;2
810300405;8;1;53;11;1;EDUCACION;2;1
810300407;8;1;40;12;1;CULTURA HACIA LAS PERSONAS;2;2
810300501;8;1;46;18;1;CONOCIMIENTO;2;2
810300606;8;1;59;11;1;NECESIDAD DE SABER ALGO;1;NA
810300609;8;2;57;12;3;EL SABER, ENSEÑAR;2;1
810300613;8;1;31;17;1;EL SABER, TENER CONOCIMIENTO;2;1
810300614;8;2;56;14;3;LIMPIEZA EDUCACION;2;2
810300615;8;1;39;10;1;EDUCACION;1;NA
810300701;8;2;41;9;1;CONOCIMIENTO;2;2
810300705;8;1;26;8;1;CONSCIENTE CON EL MEDIO AMBIENTE;2;2
810300714;8;2;33;16;3;SABIO;2;1
810300715;8;1;30;15;1;CULTO;2;2
810300801;8;1;32;12;1;OPINION;2;1
810300802;8;1;72;5;3;SABER COMPORTARSE;2;1
810301015;8;2;66;12;3;ESTAR INFORMADA;2;2
810600106;8;1;25;16;1;EDUCACION;2;2
810600505;8;2;79;17;3;EDUCACION, CONOCIMIENTO, ARTE;2;1
810600603;8;2;85;0;3;SABER TRATAR;2;2
810600701;8;1;59;12;1;EDUCACION;2;2
810700101;8;1;55;17;1;CULTURA POPULAR, IDENTIDAD;2;1
810700112;8;1;28;11;1;LO RELACIONADO CON EDUCACION;2;1
810700113;8;1;23;12;1;CONOCIMIENTO DE LA VIDA;2;1
810700311;8;2;20;13;1;SABER MAS DE ALGO;2;2
810700404;8;2;30;16;1;SABER HARTO;2;1
810700408;8;1;34;17;1;CONOCIMIENTOS;2;1
810800101;8;1;39;7;1;SABER DE ALGO;2;2
810800105;8;2;54;12;1;SABER;2;1
810800108;8;1;64;3;1;EDUCACION;2;2
810800301;8;2;61;0;3;EDUCACION;2;2
810800608;8;2;40;12;3;INFORMACION;1;NA
810800612;8;2;22;12;3;SABER LA HISTORIA;2;2
810800701;8;2;50;12;3;ENSEÑANZA;2;2
810800702;8;2;34;12;1;ENSEÑANZA DE UNO;2;2
810800801;8;2;53;13;1;APRENDIZAJE AMPLIA;2;1
810800802;8;1;48;17;3;CONOCIMIENTO;2;1
810800902;8;1;44;18;1;EDUCACION;1;NA
810800907;8;1;47;17;1;CONOCIMIENTO;1;NA
810800908;8;1;34;13;1;CONOCIMIENTO;2;2
810801007;8;2;52;17;1;SABIDURIA, ENTREGA DE INFORMACION, ENTREGA DE CONOCIMIENTO Y APRENDIZAJE;1;NA
810801012;8;2;66;17;3;CONOCIMIENTO MUSEOS BIBLIOTECA,CONOCIMIENTO DE NUESTRAS RAICES;2;1
810801112;8;1;37;20;1;CULTURA ES EL TIPO DE RIQUEZA MAS GRANDE QUE PUEDE EXISTIR, MEZCLA LO QUE SOMOS Y COMO LO HACEMOS;1;NA
810801301;8;2;75;4;3;EDUCATIVO;2;2
810801308;8;1;47;12;1;CONOCIMIENTO;2;2
810801309;8;2;72;9;3;SABER LO QUE HA APRENDIDO;2;2
811000202;8;1;65;14;1;ENSEÑANZA;2;1
811000208;8;1;88;6;3;SABIDURIA;2;2
811000209;8;1;56;9;3;EDUCACION;2;2
811000215;8;1;79;12;1;CONOCIMIENTO SEGUN VIVENCIAS PERSONALES;1;NA
811000409;8;2;39;15;1;CULTURAS DEL MUNDO;2;1
811000602;8;2;64;6;2;ALGO QUE TE ENSEÑAN;2;2
811000606;8;2;69;10;3;TENER CONOCIMIENTO DE LAS COSAS DEL PAIS ESTAR INFORMADA;2;2
811000607;8;1;42;13;1;EDUCACION;2;1
811000706;8;1;28;12;1;APRENDIZAJE;2;1
811000802;8;1;52;12;3;CONOCIMIENTO;2;2
811000804;8;2;68;12;1;EDUCACION;2;1
811000903;8;2;42;14;3;EDUCACION;2;1
811001001;8;2;40;17;1;CONOCIMIENTO;1;NA
811001002;8;1;64;15;3;CONOCIMIENTO;2;1
811001003;8;1;23;15;3;CULTURA;2;2
811001302;8;2;37;12;1;EDUCACION;2;1
811001410;8;1;32;12;1;ENSEÑANZA;2;2
811001614;8;2;30;12;3;SABER CONOCIMIENTO;1;NA
811001701;8;1;60;12;1;EDUCACION;2;2
811001705;8;1;36;17;1;EDUCACION;2;1
811001807;8;2;31;15;1;CONOCIMIENTO;2;1
811001810;8;1;45;15;1;ESTUDIOS;2;1
811001815;8;1;43;12;1;CONOCIMIENTO;1;NA
811001820;8;1;40;18;1;CONOCIMIENTOS;2;1
811001904;8;1;58;12;1;APRENDIZAJE;2;2
811002003;8;2;75;17;3;CONOCIMIENTOS;2;1
811002104;8;2;40;5;1;EDUCACION;2;1
811002301;8;1;52;8;1;ENSEÑANZA;2;2
811002303;8;2;24;17;3;CONOCIMIENTOS CULTURALES;2;1
811002304;8;2;18;13;3;PROGRAMAS CULTURALES;2;2
811100101;8;2;88;2;3;EDUCACION RESPETO;2;2
811100503;8;1;38;11;1;SABER LO QUE HACE NO HISTORIA DE CHILE HABLAR;2;2
811100513;8;2;63;12;3;SABER;2;2
811100601;8;2;69;3;3;INFORMARME, REFERENTE DEL DIARIO VIVIR DE LA COMUNIDAD;2;2
811100605;8;1;74;17;3;CULTURA ES AMPLIO;1;NA
811100705;8;2;40;17;1;ENSEÑANZA APRENDIZAJE;1;NA
811100710;8;1;56;12;1;APRENDIZAJE;2;1
811200204;8;2;42;14;1;INFORMACION;1;NA
811200303;8;1;42;15;1;CONOCIMIENTO;2;1
811200404;8;1;89;8;3;ESTUDIAR MAS;2;1
811200406;8;2;45;12;1;APRENDER SOBRE LAS COSTUMBRES DEL PAIS;2;2
811200407;8;2;78;15;1;FORMA DE ACTUALIZAR Y CONOCER;1;NA
811200504;8;1;47;15;1;MAR DE ENSEÑANZAS;1;NA
811200602;8;2;57;11;3;APRENDIZAJE;2;2
811200604;8;2;58;11;1;CONOCER SUS ORIGENES;1;NA
811200704;8;2;72;17;3;NOTICIA;2;2
811200706;8;1;70;6;3;SABER;2;2
811200801;8;1;30;12;1;APRENDIZAJE;2;1
811200805;8;1;32;17;1;CRECIMIENTO PERSONAL;2;1
811200807;8;2;77;6;3;CONOCIMIENTO;2;1
811200815;8;2;58;12;3;CONOCIMIENTO;2;1
811200901;8;1;21;12;1;APRENDER;2;1
811200905;8;2;50;9;3;CONOCIMIENTO;2;2
811201003;8;1;45;12;1;EDUCACION;2;2
811201004;8;2;82;6;3;SABIDURIA;2;2
811201008;8;1;40;15;1;ENSEÑAR;2;1
811201101;8;2;61;12;3;APRENDER;2;2
811201104;8;2;75;12;3;CONOCIMIENTO;2;1
811201208;8;2;37;8;3;CONOCER NUESTRAS COSTUMBRES;2;2
811201209;8;2;79;2;3;APRENDER;2;2
811201210;8;1;56;8;1;ENSEÑANZAS;2;2
811201211;8;1;73;15;2;CONOCIMIENTO;1;NA
811201213;8;1;31;0;3;APRENDER;2;2
811201219;8;2;35;17;1;APRENDIZAJE;1;NA
811201220;8;2;20;8;3;CULTURA DE CHILE;2;1
811201304;8;2;84;11;3;CONOCIMIENTO;2;1
820100105;8;2;45;14;1;CONOCER Y SABER INFORMACIONES DE DIFERENTES CULTURAS;2;1
820100306;8;2;37;4;1;EDUCACION;2;2
820100309;8;2;23;8;2;CULTURA NACIONAL;2;2
820100406;8;1;46;12;1;HABER APRENDIDO BIEN LA MATERIA;1;NA
820100414;8;1;57;12;1;EDUCACION;2;1
820500105;8;1;50;12;1;CONOCIMIENTO;2;2
820500505;8;2;79;0;3;CONOCIMIENTOS;2;2
830100103;8;2;53;8;3;CONOCIMIENTO DE COSAS;2;2
830100109;8;2;83;5;2;SABER MUCHAS COSAS;2;2
830100301;8;1;45;10;1;EDUCACION;2;1
830100306;8;2;78;8;3;EDUCACION;2;2
830100401;8;1;67;13;1;EDUCACION;1;NA
830100402;8;1;56;10;2;SABER COMPORTARSE;1;NA
830100405;8;2;75;12;3;SER CULTA;1;NA
830100410;8;2;51;12;1;CULTURA;2;1
830100502;8;1;23;10;3;CONOCIMIENTO;2;1
830100510;8;1;25;13;1;EDUCACION;2;2
830100604;8;1;61;17;1;NIVEL INFORMACION DE SOCIEDAD;2;1
830100701;8;2;76;17;3;PREPARACION INTELECTUAL;2;1
830100705;8;2;23;12;1;CONOCIMIENTO SOBRE HIATORIA DE LA SOCIEDAD Y COSTUMBRES;1;NA
830100707;8;1;62;10;1;TENER BUENA EDUCACION;2;2
830100715;8;2;67;12;1;NIVEL EDUCACION;2;2
830100908;8;2;16;10;3;CULTURA SOCIAL;2;1
830101004;8;2;24;12;3;SABER DE TEMAS BIEN CULTA;2;1
830101105;8;1;49;12;1;ENSEÑANZA;2;2
830101201;8;1;35;12;1;ENTORNO LO QUE PUEDES VER;2;1
830101208;8;1;25;14;1;CONOCIMIENTOS;2;2
830101214;8;1;33;17;1;TRANSMISION EDUCATIVA A LA SOCIEDAD;2;1
830101219;8;2;67;8;3;PREPARACION EDUCACION;2;1
830101301;8;2;48;9;3;CONOCER COSAS;2;2
830101307;8;1;42;12;1;SABIDURIA;2;2
830101310;8;1;80;9;3;ATENTO A LO QUE PASA EN EL MUNDO;2;2
830101402;8;2;35;12;3;CONOCIMIENTO;2;2
830101505;8;2;63;12;3;DESARROLLO, AVANCE, EDUCACION;2;1
830101510;8;1;61;15;1;CONOCIMIENTO;2;1
830101601;8;1;54;13;1;EDUCACION;2;2
830101704;8;2;57;4;3;CONOCIMIENTOS;2;1
830101710;8;2;50;15;1;SABIDURIA;2;1
830300101;8;1;89;0;3;CULTURA INDIGENA;1;NA
830300104;8;2;35;15;1;SABER MAS;2;1
830300204;8;2;40;11;1;SABER CONOCIMIENTO;2;2
830300207;8;2;50;13;3;SABER;2;1
830300302;8;1;55;16;1;EDUCACION, ARTE, MUSEO;2;1
830300403;8;2;30;12;3;SABIDURIA;2;1
830300405;8;2;64;12;3;SABER;2;2
830500209;8;2;67;16;3;CONOCIMIENTO;1;NA
830500513;8;1;71;13;1;INFORMARSE ENTRETENERSE;2;1
810100104;8;1;19;14;3;ALGO QUE INTEGRA MUCHAS COSAS;1;NA
810100112;8;1;23;16;3;COSTUMBRES Y TRADICIONES;1;NA
810100208;8;2;36;17;1;PATRIMONIOS;2;1
810100303;8;2;74;6;3;PATRIMONIOS;2;1
810100401;8;2;21;14;3;PATRIMONIOS;1;NA
810100403;8;2;36;14;3;PATRIMONIOS;2;1
810100414;8;1;83;9;3;PATRIMONIOS QUE NOS IDENTIFICAN;2;1
810100502;8;2;52;17;2;FORMA DE SER DE UN PUEBLO;1;NA
810100706;8;1;21;15;3;CONJUNTO DE SIMILITUDES DE UNA SOCIEDAD EN GENERAL;1;NA
810100910;8;1;24;14;1;TRADICIONES;2;1
810100925;8;1;31;15;1;LO QUE DEFINE UNA SOCIEDAD;2;2
810101307;8;2;51;11;1;FORMA DE VIVIR DE LAS PERSONAS, LO QUE SABE;2;1
810101401;8;2;63;13;1;PATRIMONO, HISTORIA, TEATRO;1;NA
810101505;8;2;22;16;2;CONJUNTO DE CREENCIAS Y COSTUMBRES;1;NA
810101516;8;1;16;8;3;LO QUE NOS RODEA Y APRENDEMOS;1;NA
810101517;8;2;24;12;1;PAIS Y APRENDER;2;1
810101603;8;2;21;15;3;PAISAJES, LUGARES;1;NA
810101604;8;2;57;10;1;ORDEN, LIMPIEZA;2;2
810101901;8;1;49;10;1;TRABAJO;2;2
810101905;8;2;16;10;3;PATRIMONIO;1;NA
810102002;8;2;50;18;1;HERENCIA QUE LE LLENA EL ALMA Y VE A SU ALREDEDOR;1;NA
810102005;8;1;37;14;1;ALGO TRADICIONAL DE CADA PAIS;2;1
810102106;8;1;30;16;1;TRANSFORMACION;1;NA
810102107;8;2;15;10;3;COSTUMBRES Y TRADICIONES;2;1
810102207;8;1;24;18;3;VARIAS COSAS;1;NA
810102214;8;1;69;12;1;LO QUE SI VIVE AL DIA A DIA SERIA CULTURA;1;NA
810102403;8;2;62;11;3;LA VIDA DE LOS PAISES;2;1
810102603;8;1;62;15;1;VIVIR Y CONOCER;2;1
810102614;8;1;17;9;3;CHILE RELACIONADO CON INDIGENAS;2;2
810200104;8;1;57;12;1;CONOCIMIENTO DEL PUEBLO;2;2
810200204;8;2;21;14;3;LA  VIDA CHILENA;2;1
810200403;8;1;67;6;1;PATRIMONIO NACIONAL;2;2
810200502;8;2;63;10;1;REUNION CULTURAL;1;NA
810200505;8;2;59;10;3;COSTUMBRES Y TRADICIONES;2;2
810200506;8;2;28;15;1;PATRIMONIO;1;NA
810200509;8;2;28;17;1;ESPACIO EVENTOS;1;NA
810200512;8;2;60;10;1;COSAS DE CERROS, AULAS, MUEBLERIA;2;2
810200604;8;2;68;4;3;TRADICIONES;2;2
810200702;8;1;23;15;1;LEGADO;1;NA
810200707;8;2;48;9;1;TRADICIONES;2;2
810200708;8;2;27;12;3;COSTUMBRES Y TRADICIONES;2;2
810200710;8;1;82;6;3;COSTUMBRES Y TRADICIONES;2;2
810200803;8;1;35;11;1;COSTUMBRES Y TRADICIONES;2;2
810200804;8;1;22;12;1;COSTUMBRES Y TRADICIONES;2;2
810200805;8;1;43;5;1;COSTUMBRES Y TRADICIONES;2;2
810200910;8;2;26;12;3;COSTUMBRES Y TRADICIONES;2;2
810201001;8;1;58;3;3;COSTUMBRES Y TRADICIONES;2;2
810201002;8;2;34;16;1;FORMA DE SER DE LAS PERSONAS;2;1
810201005;8;1;82;6;3;COMPORTAMIENTO;2;2
810201101;8;2;80;6;3;LO QUE UNO HACE HABITUALMENTE;2;2
810201105;8;2;68;0;3;TRABAJAR;2;2
810201302;8;2;40;17;1;DISTINTOS TIPOS DE EXPRESION ARTISTICA;2;1
810201306;8;2;58;15;1;TRADICIONES, EDUCACION;2;2
810201311;8;1;55;13;1;COSTUMBRES Y TRADICIONES;2;2
810201313;8;2;57;15;3;COSAS ORIGINARIAS, LENGUAS;2;1
810201314;8;2;21;14;3;EL VIVIR DE LA GENTE;2;2
810201405;8;2;62;12;1;CONJUNTO FOCLORICO;2;2
810201508;8;2;46;11;1;TRADICIONES;2;2
810201605;8;1;28;9;1;NUESTRAS RAICES;2;1
810201701;8;2;37;15;3;COSTUMBRES Y TRADICIONES;2;2
810201702;8;1;48;12;1;PATROMINIO;1;NA
810201707;8;2;25;15;1;LAS RAICES DE NOSOTROS, HISTORIA DE CHILE;2;2
810201708;8;1;47;12;1;NUESTROS ANTEPASADOS;1;NA
810300202;8;2;21;16;3;ALGO QUE ES PROPIO DE LA SOCIEDAD;2;2
810300305;8;2;80;12;3;COSTUMBRES Y TRADICIONES;2;2
810300402;8;2;85;2;3;SHOW;2;2
810300504;8;1;83;6;3;COSTUMBRES Y TRADICIONES;2;2
810300601;8;2;22;12;3;PATRIMONIO;2;2
810300611;8;1;22;8;1;LO QUE SE VIVE A DIARIO;2;2
810300712;8;2;23;12;1;VALORES PRINCIPIOS;2;2
810300717;8;2;36;7;1;PARTICIPAR;2;1
810300718;8;2;41;14;1;PAIS Y LA CULTURA PERSONAL DE CADA UNO;2;2
810300719;8;1;15;9;3;DIFERENTES TIPOS DE TRIBUS;1;NA
810300805;8;2;29;17;1;LA TRANSMISION DE TRADICIONES Y CONOCIMIENTOS;1;NA
810300902;8;1;67;6;3;PREOCUPARSE DE LA GENTE;1;NA
810300903;8;1;18;12;3;LO QUE DEFINE A UN CONJUNTO DE PERSONAS, ALGO EN COMUN ENTRE ELLOS;2;1
810300910;8;2;22;15;3;REUNIRSE CON LA GENTE EN ALGUNA AGRUPACION;2;2
810301011;8;2;49;7;3;LA NATURALEZA;2;2
810301018;8;1;56;15;1;LO QUE REPRESENTA A UNA SOCIEDAD;2;1
810301019;8;2;22;16;3;CONSTRUCCION DE CONTEXTO;2;2
810600201;8;2;36;17;1;COSTUMBRES Y TRADICIONES;1;NA
810600205;8;2;15;7;3;COSTUMBRES Y TRADICIONES;2;2
810600304;8;1;45;12;1;COSTUMBRES Y TRADICIONES;2;2
810600402;8;2;60;6;1;COSTUMBRES Y TRADICIONES;2;2
810600403;8;2;32;13;3;DISCIPLINA;2;2
810600404;8;1;20;12;2;TRADICIONES;2;1
810600409;8;1;83;0;3;COSTUMBRES Y TRADICIONES;2;2
810600601;8;2;46;6;1;LIMPIEZA NO BOTAR BASURA;1;NA
810600801;8;2;63;6;3;COSTUMBRES Y TRADICIONES;2;2
810600804;8;2;20;14;3;PATRIMONIO;2;2
810600901;8;1;38;15;1;TRADICIONES;2;2
810600903;8;1;28;11;1;ESCENCIA DE LA PERSONA;2;2
810700107;8;1;23;18;3;ACTOS QUE CARACTERIZAN UNA POBLACION;1;NA
810700114;8;2;50;12;1;LA FORMA DE CONVERSACION, DE ACTUAR QUE UNO TIENE;2;2
810700205;8;2;51;12;1;CHILENA, PATRIOTA, CUECA, COMIDA;2;1
810700206;8;2;68;0;3;TRABAJO;2;2
810700301;8;2;72;14;1;UNA FIGURA ES CULTURA, UNA PINTURA ES CULTURA;2;1
810700305;8;2;82;5;3;TRANQUILIDAD Y SEGURIDAD;2;2
810800106;8;2;36;11;3;SER UNA PERSONA RESPETUOSA RESPONSABLE;2;2
810800107;8;2;76;4;3;CULTIVAR LA TIERRA;2;2
810800202;8;2;18;13;3;COSTUMBRES Y TRADICIONES;1;NA
810800205;8;2;45;12;1;UNA PERSONA CULTA;2;2
810800305;8;2;58;12;1;COSTUMBRES Y TRADICIONES;2;2
810800405;8;1;58;8;1;TRADICIONES;2;2
810800502;8;2;36;5;2;TRADICIONES;2;2
810800503;8;2;34;9;1;PARTICIPACION;2;2
810800505;8;1;58;12;1;COSTUMBRES Y TRADICIONES;2;2
810800601;8;1;21;13;3;CONCEPTOS GENERALES;2;2
810800602;8;1;51;8;1;COSTUMBRES Y TRADICIONES;2;2
810800606;8;1;45;4;1;COSTUMBRES Y TRADICIONES;2;2
810800607;8;2;33;9;3;ALGO DE LA TIERRA;2;2
810800609;8;2;35;12;2;COSTUMBRES Y TRADICIONES;2;2
810800611;8;2;40;12;1;FORMA DE VESTIR, DE HABLAR;2;2
810800706;8;2;41;15;3;TRADICIONES  INDIGENAS CHILENAS;1;NA
810800909;8;1;44;18;1;CULTIVO PERSONAL;2;1
810801005;8;1;40;19;1;FORMA DE SER Y DESARROLLARSE;2;2
810801302;8;2;68;8;3;BUENAS COSTUMBRES;2;2
810801303;8;1;17;12;3;COSTUMBRES Y TRADICIONES;2;2
810801304;8;2;31;16;1;CREENCIAS, COSTUMBRES;2;2
810801305;8;1;68;12;3;DIA A DIA;2;2
811000103;8;2;67;17;3;PATRIMONIOS;2;1
811000104;8;1;52;14;1;PATRIMONIOS;2;1
811000203;8;2;34;11;1;COSAS FOLCLORICAS;1;NA
811000205;8;1;64;4;1;CANDIDATURA;2;2
811000206;8;2;61;12;1;PAISAJES;1;NA
811000304;8;1;50;2;1;ORDEN;2;2
811000401;8;2;58;8;1;COSTUMBRES Y TRADICIONES;2;1
811000601;8;1;17;12;3;PATRIA;2;1
811000610;8;1;60;12;1;ALGO QUE PERMANECE EN EL TIEMPO;1;NA
811000703;8;1;17;12;3;CULTIVO DE INFORMACION;2;2
811000705;8;2;18;12;3;COSTUMBRES Y TRADICIONES;1;NA
811000708;8;1;40;12;1;COSTUMBRES Y TRADICIONES;2;1
811001005;8;2;57;15;1;TRADICIONES;2;1
811001102;8;2;48;12;1;LO PROPIO DE NUESTRO PAIS;2;2
811001105;8;2;48;12;2;CHILE;2;1
811001108;8;1;57;12;1;TRADICIONES;2;1
811001303;8;1;27;12;1;CREENCIAS;2;2
811001402;8;1;58;8;1;CIVILIZACION;2;1
811001607;8;1;87;6;3;CONVIVENCIA;2;2
811001811;8;2;32;12;3;TRADICIONES;2;1
811001818;8;2;27;13;1;COSTUMBRES Y TRADICIONES;2;1
811002002;8;1;65;12;1;LO QUE NOS IDENTIFICA;2;1
811002004;8;1;31;15;2;PATRIMONIOS;1;NA
811002101;8;2;63;18;1;NUESTRO PASADO;1;NA
811002109;8;1;20;15;3;TRADICIONES DE UN GRUPO DE GENTE;1;NA
811002401;8;2;22;14;3;CRIANZA;2;2
811100202;8;2;69;6;3;HACER LAS COSAS, COSTUMBRES;2;2
811100303;8;2;54;12;1;CONJUNTO DE VARIAS COSAS BAILE, MUSICA, TEATRO, ARTESANO;2;1
811100401;8;2;62;10;3;LA MUSICA, RELACIONARSE CON OTRAS PERSONAS;2;1
811100404;8;1;54;12;1;LO QUE APRENDE Y SABE;2;2
811100501;8;1;61;8;1;LO APRENDE;2;2
811100507;8;2;80;0;3;CORRECTA;2;2
811100514;8;2;67;4;3;HABLAR;2;2
811200603;8;1;40;11;1;RECITALES;1;NA
811200804;8;2;35;14;1;LIMPIEZA, COLOR;2;2
811200813;8;1;67;11;3;ORDEN;2;1
811201005;8;2;18;13;3;TRADICIONES;2;1
811201201;8;2;32;12;3;ANTEPASADOS Y CONOCIMIENTO;2;2
811201202;8;2;69;17;3;LO QUE UNO SABE Y APRENDE;2;1
811201205;8;1;19;14;3;ORIGEN DE UN PAIS;2;2
811201216;8;2;24;13;3;COSTUMBRES Y TRADICIONES;1;NA
811201505;8;1;22;16;3;RELACIONES PERSONALES Y COLECTIVOS;1;NA
820100101;8;2;62;12;1;PERSONAS EDUCADAS EN ARTE;2;1
820100104;8;2;53;12;1;COSTUMBRES Y TRADICIONES;2;1
820100201;8;1;76;4;3;COMO UNA PERSONA, PERSONALIDAD;2;2
820100205;8;1;68;8;1;LO ASOCIA A LOS INDIGENAS Y ESPECTACULO;2;2
820100408;8;1;74;4;1;TRABAJAR EN EL CAMPO;2;2
820100410;8;2;80;3;3;DUEÑA DE CASA;2;2
820100415;8;2;19;14;3;LO QUE LA GENTE O PERSONA CONOCE EN RELACION A UN TEMA;2;2
820100502;8;1;35;8;1;LIMPIEZA;2;2
820100505;8;1;86;8;3;CAMPO;2;1
820200101;8;2;28;16;3;TRADICIONES;2;2
820500103;8;2;29;16;3;TRADICIONES DE CADA PUEBLO;2;2
820500104;8;1;21;12;2;LOS FUNDAMENTOS DE UN PUEBLO, MUSICA, PINTURA, POEMAS;1;NA
820500108;8;1;67;8;3;ORDEN;2;2
820500109;8;1;49;12;1;LO QUE TENEMOS TRADICIONES;2;2
820500110;8;2;84;0;3;TRADICIONES;2;2
820500204;8;1;50;13;1;CONJUNTO DE COSTUMBRES, HABITOS PROPIOS DE UNA COMUNIDAD;2;2
820500304;8;2;87;7;3;PERSONA QUE SABE DE SUS ORIGENES;2;2
820500305;8;1;68;11;3;PARTICIPACION;2;2
820500407;8;1;30;12;1;TRADICIONES TIPICAS;2;2
820500502;8;2;52;12;3;LO QUE UNO HACE;2;2
830100101;8;1;49;12;1;CONOCIMIENTO DE PAIS;1;NA
830100104;8;2;30;15;3;TRADICIONES;2;2
830100110;8;2;18;12;2;CARACTERISTICAS DE PAIS;1;NA
830100201;8;2;46;16;1;CONOCIMIENTO DE UN PUEBLO;1;NA
830100203;8;2;67;0;3;SHOW;2;2
830100302;8;1;59;16;1;FORMA DE VIVIR;2;2
830100407;8;2;87;12;3;COSTUMBRES Y TRADICIONES;2;1
830100503;8;1;50;17;1;COSTUMBRES Y TRADICIONES;2;1
830100505;8;1;22;12;2;LO QUE QUEDA DE CULTURA;2;2
830100506;8;2;54;17;1;COSTUMBRES Y TRADICIONES;1;NA
830100511;8;2;43;16;1;COSTUMBRES Y TRADICIONES;2;1
830100516;8;2;70;6;3;PAIS INDIGENA;2;2
830100517;8;2;17;11;3;DEFINE A LA COMUNIDAD;2;2
830100519;8;2;27;12;3;BASE A LAS RAICES Y BASE DE ORIGEN;2;2
830100521;8;2;27;13;1;COMO LO QUE TIENE SER HUMANO;1;NA
830100522;8;2;26;12;1;PAIS;2;1
830100523;8;2;61;10;3;SER BUENA PERSONA CUIDADOSA EN LO QUE VA A DECIR;2;1
830100602;8;1;60;17;1;COSTUMBRES Y TRADICIONES;2;1
830100713;8;2;46;15;3;COSTUMBRES Y TRADICIONES;2;2
830100801;8;2;40;12;1;MODALES, MONUMENTOS;2;2
830100910;8;2;52;3;3;TRABAJO EN CAMPO;2;2
830101103;8;1;19;12;2;PATRIMONIO NACIONAL;2;2
830101202;8;2;31;8;1;ORIGEN DE CADA PERSONA;1;NA
830101203;8;2;59;7;1;SENTIMIENTO BUENA PERSONA;2;2
830101205;8;2;71;6;3;SER PRUDENTE;2;2
830101211;8;1;53;8;1;PAIS;2;2
830101217;8;1;23;12;1;SOCIEDAD LO QUE DEFINE;1;NA
830101306;8;2;43;11;3;COSAS DE PATRIMONIO;1;NA
830101401;8;2;38;14;1;SOCIEDAD;2;2
830101605;8;1;47;15;1;ANTEPASADO;2;1
830101701;8;2;52;16;1;LO QUE NOS REDEA, UNA SUMA DE COSTUMBRES;2;2
830300102;8;1;46;12;1;COSTUMBRES Y TRADICIONES;2;2
830300202;8;2;33;15;2;TRADICIONES Y COSTUMBRES;2;2
830300205;8;1;52;12;1;VIVIR;2;2
830300210;8;2;28;11;2;PAIS;2;2
830300303;8;1;46;16;1;LOS QUE DISTINGUE A LA SOCIEDAD;2;2
830300305;8;2;50;15;1;COMO NOS DESARROLLAMOS SOCIALMENTE;1;NA
830500104;8;2;17;11;3;CREENCIAS Y COSTUMBRES;2;2
830500207;8;2;86;6;3;POBLACION;2;2
830500302;8;2;17;11;3;TRADICIONES;1;NA
830500403;8;2;25;12;2;CREENCIAS;1;NA
830500405;8;2;51;9;1;MANUALIDADES;2;2
830500504;8;2;32;8;1;COSTUMBRES Y TRADICIONES;2;2
830500509;8;2;32;12;1;ESENCIA DEL PAIS;1;NA
830500510;8;2;78;1;3;SHOW;2;2
811001407;8;2;16;11;3;DIVERSIDAD;2;1
830300301;8;2;39;12;3;DIVERSIDAD;2;1
810102221;8;2;75;13;3;ESPECTACULO;1;NA
810201004;8;1;48;11;1;ENTRETENCION, EDUCACION;2;1
810201301;8;1;52;12;1;ENTRETENCION, CINE, PINTURA;2;1
810600107;8;2;51;0;1;ENTRETENCION;2;2
810600109;8;1;44;8;2;ENTRETENCION;2;2
810600204;8;1;63;0;1;DIVERSION;2;2
810600406;8;2;43;12;1;ESPECTACULO;2;2
810600602;8;2;88;6;3;DIVERSION;2;2
810600802;8;1;63;8;1;DIVERSION;2;2
810800615;8;2;30;12;1;ENTRETENCION, HISTORIA;2;2
820500403;8;2;32;15;1;ESPARCIMIENTO;2;2
830300203;8;2;28;9;3;ENTRETENCION;2;1
811001101;8;2;73;8;3;ESCULTURAS, ARTE;2;1
810100907;8;2;52;12;1;EXPRESION ARTISTICA;2;2
810101104;8;1;30;12;1;EXPRESION ARTISTICA;2;2
810201506;8;1;60;13;1;EXPRESIONES;2;2
810600305;8;2;74;7;3;MANIFESTACION ARTISTICA;2;1
830100303;8;1;73;6;1;TIPICO;2;2
830101702;8;2;48;13;1;TIPICOS;2;2
830500102;8;2;25;12;1;TIPICO DE UN PAIS;2;1
810201602;8;1;20;14;2;FOLCLORE, CARACTER DE SOCIEDAD, LA FORMA INDIVIDUAL DE ACTUAR;1;NA
830101209;8;1;25;15;1;GENTE;1;NA
810101609;8;1;44;12;1;HISTORIA, LA GENTE;2;1
810102222;8;2;34;19;1;HISTORIA TEATRO MUSICA TRADICION;1;NA
810102613;8;2;23;17;1;HISTORIA;1;NA
810200514;8;2;22;14;1;HISTORIA;2;1
810600902;8;2;44;4;1;HISTORIA;2;1
810700201;8;2;23;16;2;HISTORIA, MUSICA Y COSAS DE ARTE;2;1
810800306;8;1;40;11;1;HISTORIA, RAICES;2;2
811000403;8;2;24;11;1;HISTORIA;2;2
811001405;8;2;73;0;3;MONUMENTOS;2;2
811001611;8;1;47;10;2;HISTORIA Y RAICES;2;1
811002307;8;2;30;12;3;MONUMENTOS;2;2
811002309;8;1;30;12;1;PASADO;1;NA
811200403;8;2;34;13;1;PASADO;1;NA
811200710;8;1;26;12;1;MONUMENTOS HISTORICOS;2;2
830100714;8;1;23;11;1;ALGO DE HISTORIA TRADICIONAL;2;1
830101001;8;1;33;13;1;HISTORIA;1;NA
830101515;8;2;22;14;3;HISTORIA;2;2
830500208;8;2;60;13;3;HISTORIA;1;NA
830500401;8;1;25;8;1;HISTORIA;1;NA
820500303;8;2;57;11;3;IDEAS;2;2
810101108;8;1;25;17;3;IDEAS SOCIOLOGICAS DEL COMPORTAMIENTO;2;1
810100203;8;2;29;15;1;IDENTIDAD;1;NA
810101403;8;1;24;16;3;PUEBLO ORIGEN;1;NA
810102201;8;2;22;13;3;MAPUCHES;2;1
810200207;8;2;17;11;3;RAICES;2;1
810201312;8;1;34;15;1;LOTA;2;1
810300408;8;2;17;10;3;IDENTIDAD DE UNA NACION;2;2
810300901;8;2;52;4;1;NACIONALIDAD;2;2
810700401;8;1;17;12;3;IDENTIDAD DEL PAIS, LOS IDIOMAS, COSTUMBRES;2;2
810800401;8;2;22;12;1;RAICES;2;2
810801404;8;1;68;17;3;QUE HACER HUMANO;2;2
811001908;8;1;28;19;1;RAICES;1;NA
811002503;8;1;65;12;3;IDENTIDAD;1;NA
811100104;8;1;41;17;1;MUNDO;2;2
811100206;8;1;59;8;1;MAPUCHE;2;2
811100305;8;2;48;10;3;PUEBLOS;2;2
811100512;8;2;54;14;1;PUEBLOS, COMIDA TRADICION;1;NA
811200601;8;2;28;9;1;RAICES DE UN LUGAR;2;1
811200705;8;1;61;17;1;IDENTIDAD;1;NA
811201214;8;1;25;16;1;RASGOS POBLACION;1;NA
820100102;8;1;22;13;3;LOS ORIGENES;2;2
820100304;8;2;49;11;3;PUEBLOS INDIGENAS, LENGUAS IDIOMAS, SOCIEDAD;2;2
820500203;8;2;24;18;1;IDIOSINCRASIA DE CHILE;2;1
820500501;8;2;15;10;3;IDEOLOGIA DE PUEBLO;2;2
820500503;8;2;62;12;1;PUEBLOS ORIGINARIOS;2;2
830101213;8;2;49;12;3;RAICES;1;NA
830101404;8;1;17;10;3;TEMAS CULTURALES;2;2
830101604;8;1;46;16;1;IDENTIDAD DE UN PUEBLO;1;NA
830101707;8;1;27;13;1;RAICES;2;1
830300206;8;2;24;12;3;RAICES DE CHILE;2;1
830500203;8;2;24;12;1;LUGARES;2;1
830500501;8;2;30;16;1;PUEBLOS ORIGINARIOS;2;1
830500505;8;1;32;8;1;RAICES;2;1
810801401;8;2;81;4;3;INTEGRACION;2;1
811002106;8;1;65;10;1;LENGUAJES;2;2
810100701;8;2;74;11;1;LEER, MUSEOS;2;1
810201310;8;2;49;15;1;LEER, ARTE, PINTURA VISUAL;1;NA
810300723;8;2;58;10;1;LIBROS;2;1
810700110;8;2;61;12;3;LEER, IR A CINE, TEATRO, DOCUMENTALES;2;1
810800803;8;2;67;10;1;LEER;2;2
811000905;8;1;40;19;1;LECTURA;1;NA
811001503;8;2;25;17;3;LIBROS;2;1
811001902;8;1;35;12;1;LIBROS;2;1
830100702;8;2;66;12;3;OBRAS LIBROS;2;1
830300402;8;1;35;9;1;LITERATURA PINTURA;2;1
810100306;8;2;65;19;3;MUSEO;1;NA
810100312;8;2;21;16;3;MUSEOS;1;NA
810100314;8;2;26;17;1;MUSEOS;1;NA
810100315;8;2;23;15;3;MUSEOS;1;NA
810100319;8;2;33;17;1;MUSEOS;1;NA
810100402;8;2;54;12;3;MUSEOS;1;NA
810100405;8;2;34;17;1;MUSEOS;1;NA
810100407;8;1;67;9;3;MUSEOS;2;1
810100410;8;2;41;17;1;MUSEOS;2;1
810100411;8;2;26;17;2;MUSEOS;2;1
810100412;8;2;30;17;1;MUSEOS;1;NA
810100413;8;2;75;8;3;MUSEOS;2;1
810100415;8;2;30;17;1;MUSEOS;1;NA
810100609;8;1;19;12;3;MUSEO, CONCIERTO, BALLET, BIENESTAR PARA APRENDER;2;2
810100703;8;2;42;12;3;MUSEO;1;NA
810100801;8;1;64;9;3;MUSEO;2;1
810101506;8;1;47;8;1;MUSEO;1;NA
810101606;8;1;24;13;1;MUSEO;2;1
810101802;8;2;47;12;3;MUSEO;2;1
810101906;8;2;50;14;1;MUSEO;1;NA
810101908;8;2;38;17;1;MUSEO;1;NA
810102306;8;2;22;15;1;MUSEOS;1;NA
810200520;8;1;48;8;3;MUSEO;2;2
810300908;8;2;43;12;3;MUSEO;2;2
811000204;8;2;64;12;1;MUSEOS;2;1
811000207;8;1;76;2;1;MUSEOS;2;2
811000214;8;2;49;12;1;MUSEOS;2;2
811002005;8;2;73;6;3;MUSEOS;2;1
811200503;8;2;58;12;1;MUSEO;2;2
820100203;8;2;33;7;1;MUSEO;1;NA
830101303;8;2;45;12;3;MUSEO;2;1
830101509;8;1;41;16;1;MUSEO;2;1
830300404;8;2;25;16;2;MUSEO;2;2
830500502;8;2;30;13;1;MUSEOS;2;2
810100215;8;1;51;14;1;MUSICA;1;NA
810100602;8;1;68;10;3;MUSICA;1;NA
810100605;8;1;64;9;1;MUSICA;2;2
810100610;8;1;27;17;1;MUSICA;2;1
810100704;8;2;60;12;3;MUSICA;2;1
810100705;8;1;68;7;1;MUSICA;2;1
810101006;8;2;53;17;1;MUSICA;2;1
810101110;8;2;58;15;1;CONCIERTO TEATRO;2;1
810101902;8;1;42;17;1;MUSICA;1;NA
810200901;8;1;65;11;3;MUSICA;2;2
810200902;8;1;48;8;1;MUSICA;2;2
810201309;8;1;16;10;3;MUSICA;2;2
810201507;8;1;48;12;1;MUSICA;2;1
810600104;8;2;65;2;1;MUSICA;2;2
810600202;8;1;18;12;1;MUSICA;2;2
810600405;8;1;55;6;2;MUSICA;2;2
810600805;8;1;30;13;2;MUSICA;2;2
810600904;8;2;47;8;1;MUSICA;2;2
810700307;8;1;79;6;3;LA MUSICA;2;2
810800308;8;1;23;11;1;MUSICA;2;2
811001814;8;1;55;12;1;CONCIERTOS;2;1
811002202;8;1;37;11;1;MUSICA;2;2
811002505;8;2;60;12;1;MUSICA;2;1
811100506;8;1;23;12;1;MUSICA;2;2
811200103;8;2;67;14;2;MUSICA;2;1
811201402;8;2;41;19;1;MUSICA;1;NA
811201410;8;2;63;15;3;MUSICA;2;1
820100412;8;1;31;14;1;MUSICA;2;1
820500102;8;1;65;6;1;MUSICA;2;2
830100605;8;2;55;15;1;OPERAS, OBRA DE TEATRO, NOTICIAS, LEER, ETC;2;1
830101506;8;2;87;12;3;OPERA,  MUSICA, CLASICA, PAIS;2;1
830100810;8;2;45;12;2;MUSICA, FOLCLORE,  CINE;1;NA
810100623;8;1;87;9;1;MUSICA, CINE;2;1
810100702;8;2;53;12;1;MUSICA, TEATRO;1;NA
810600502;8;1;47;17;1;MUSICA, TEATRO;1;NA
830100206;8;2;56;9;1;TEATRO, MUSICA;2;1
810100114;8;1;31;17;1;MUSICA, CINE, TEATRO;1;NA
810102226;8;2;42;13;1;TEATRO, MUSICA Y CINE;2;1
810700104;8;2;35;17;1;REFERENTE AL TEATRO, CINE, MUSICA CLASICA, ESO;2;1
810200202;8;2;46;15;1;PINTURA, TEATRO, MUSICA;2;1
810102211;8;1;77;8;3;MUSICA, TEATRO, CINE, POESIA, LITERATURA, PINTURA, FOTOGRAFIA;1;NA
810700309;8;2;28;16;1;TEATRO, MUSICA, PINTURA, LECTURA;2;1
810300301;8;2;63;5;3;NATURALEZA;2;2
810300905;8;1;16;8;3;FAUNA NATURALESA;2;2
811000501;8;1;60;12;1;NATURALEZA;2;2
811100204;8;2;43;12;1;NATURALEZA;2;2
820500504;8;2;85;0;3;NATURALEZA;2;2
810100209;8;1;48;16;1;NADA;1;NA
810100210;8;2;16;11;3;NADA;1;NA
810100304;8;2;89;12;3;NADA;1;NA
810100311;8;1;31;15;1;NADA;1;NA
810100316;8;2;54;12;1;NADA;2;2
810100318;8;1;33;17;1;NADA;2;1
810100419;8;2;34;12;1;NADA;2;2
810100505;8;1;39;12;1;NADA;2;2
810100506;8;1;16;11;3;NADA;1;NA
810100510;8;1;28;16;3;NADA;2;2
810100603;8;2;38;17;1;NADA;1;NA
810100615;8;2;83;5;3;NADA;2;1
810100618;8;2;67;17;3;NADA;2;1
810100909;8;1;35;17;3;NADA;2;2
810100923;8;1;65;12;1;NADA;2;1
810101007;8;2;73;12;3;NADA;2;1
810101008;8;1;90;6;3;NADA;2;1
810101010;8;1;27;14;3;NADA;2;2
810101103;8;1;32;17;1;NADA;2;1
810101204;8;2;60;12;3;NADA;2;1
810101402;8;2;58;11;1;NADA;1;NA
810101405;8;2;69;3;3;NADA;1;NA
810101503;8;1;44;14;1;NADA;2;2
810101504;8;1;89;4;3;NADA EN PARTICULAR;2;2
810101509;8;1;50;12;3;NADA;2;2
810101510;8;2;64;12;3;NO SABE;2;1
810101607;8;2;86;2;3;NADA;2;2
810101801;8;2;26;12;3;NADA;2;2
810101803;8;2;80;5;3;NO SABE;2;2
810101804;8;2;18;12;3;NADA;2;1
810101805;8;2;60;12;3;NADA;2;1
810102003;8;2;78;6;3;NADA;2;2
810102004;8;2;66;12;3;NADA;2;2
810102103;8;1;66;13;1;SE IMAGINA SE HACE EXPOSIONES;2;1
810102204;8;2;55;12;3;NADA;2;2
810102208;8;1;36;12;1;NADA;2;1
810102213;8;1;35;17;1;NADA;2;1
810200201;8;1;85;1;3;NADA EN PARTICULAR;2;2
810200205;8;2;45;8;3;NO SABE;2;2
810200206;8;1;61;12;3;NO SABE;2;2
810200208;8;1;77;4;1;ES ALGO QUE FALTA HOY EN DIA;2;2
810200706;8;2;72;6;3;NO SABE;2;2
810201603;8;2;68;4;3;NADA;2;2
810300103;8;2;87;4;3;NO SABE;2;2
810300401;8;2;88;0;3;NADA;2;1
810300409;8;2;63;5;3;NO SABE;2;2
810300602;8;2;16;10;1;NADA;2;2
810300612;8;2;54;5;3;NADA;2;2
810300707;8;2;37;5;1;NOSE;2;2
810300709;8;2;55;3;3;NO SE, ARTISTAS;2;2
810300710;8;2;16;9;3;NADA;2;2
810300711;8;1;38;12;1;NO SE;2;2
810300716;8;2;67;2;1;NO SE;2;2
810300720;8;1;17;10;3;NADA;2;2
810300724;8;2;40;12;1;NO SE, EL ARTE;2;2
810300904;8;2;36;8;1;NADA;2;2
810300909;8;1;24;12;2;NADA;2;2
810600408;8;1;86;3;3;NO SABE;2;2
810700109;8;2;82;12;3;NO SE, ARTISTAS;2;1
810700302;8;1;80;2;3;NO SE EXPLICAR;2;2
810700308;8;2;76;6;3;NADA;2;2
810700312;8;1;23;16;3;NO SE ARTE;1;NA
810700406;8;2;27;12;1;ES POCO APRECIADA LA CULTURA;2;2
810700407;8;2;22;13;1;NADA;2;2
810700409;8;2;18;12;3;NO SE;2;1
810700503;8;1;50;0;1;NO SABE;2;2
810700504;8;2;48;10;1;NO SE;2;2
810700505;8;2;38;8;3;NO SABE;2;2
810800102;8;2;65;1;1;NO SE;2;2
810800103;8;1;46;4;1;NADA NO SE ME OCURRE NADA;2;2
810800104;8;2;26;12;1;NO SE;2;2
810800109;8;1;65;10;1;NADA SE ME OCURRE ES MUY AMPLIO;2;2
810800110;8;1;72;0;3;NADA;2;2
810800303;8;2;29;12;1;NO SE;2;2
810800309;8;1;77;0;3;NADA;2;2
810800710;8;1;44;9;1;NADA;2;2
810801123;8;1;21;14;3;NADA;1;NA
810801310;8;2;67;11;3;POCO CULTURA SE HA PERDIDO;2;2
811000101;8;1;40;12;2;NADA;2;1
811000105;8;1;57;6;3;NADA;2;1
811000210;8;2;58;11;1;NADA;2;2
811000211;8;2;40;8;3;NADA;2;2
811000213;8;2;87;1;3;NADA;2;2
811000302;8;1;72;12;3;NO SABE;1;NA
811000305;8;1;68;3;3;NADA;2;2
811000404;8;1;54;8;1;NO SABE;2;2
811000406;8;2;57;11;1;NADA;2;1
811000407;8;1;64;4;3;NADA;2;2
811000410;8;1;61;12;1;NADA;2;2
811000502;8;2;27;12;1;NADA;2;2
811000504;8;1;64;4;1;NO SABE;2;2
811000603;8;2;90;6;3;NADA;2;2
811000609;8;1;82;7;3;NADA;2;2
811000701;8;2;83;4;3;NO SABE;2;2
811000707;8;1;49;10;1;NO SE;2;2
811000803;8;1;66;10;1;NADA;2;2
811000902;8;2;90;3;3;NO SABE;2;2
811001505;8;2;54;7;3;NO SABE;2;2
811001604;8;1;64;6;3;NO SABE;2;2
811001703;8;2;60;12;3;NADA;2;2
811001704;8;2;15;10;3;NO SABE;2;2
811001802;8;2;73;1;3;NO SABE;2;2
811002302;8;2;63;2;3;NADA;2;2
811002308;8;2;68;3;3;NADA;2;2
811002402;8;1;45;4;3;NADA;2;2
811002403;8;2;39;12;1;NADA;2;2
811002404;8;1;65;12;3;NO SABE;2;1
811002501;8;2;66;12;3;NO SABE;2;2
811100105;8;1;63;9;1;NADA;2;2
811100201;8;2;69;6;3;NO SE;2;2
811100205;8;1;62;8;1;NADA;2;1
811100209;8;1;87;3;3;NADA;2;2
811100402;8;1;38;12;1;NO SE;2;2
811100502;8;1;41;8;1;NADA;2;2
811100508;8;2;52;13;1;SE POCO DEL TEMA;2;2
811100510;8;2;46;7;1;NADA SABER;2;2
811100701;8;2;82;3;3;NO SE;2;2
811100704;8;2;75;6;3;NO SE;2;2
811100707;8;1;62;8;1;NADA;2;2
811100709;8;1;64;9;1;NO SE;2;2
811200101;8;1;52;10;3;NADA;2;2
811200202;8;2;22;12;3;NADA;2;2
811200405;8;2;98;6;3;NADA;2;2
811200505;8;2;21;13;3;NADA;2;2
811200702;8;1;40;12;1;NADA;2;2
811200802;8;1;67;5;1;NADA;2;2
811200806;8;1;39;12;1;NADA;2;2
811200808;8;1;72;12;3;NADA;2;1
811200810;8;1;65;12;3;NADA;2;2
811200812;8;1;70;12;3;NADA;2;1
811200902;8;2;84;0;3;NADA;2;2
811201006;8;2;26;10;1;NADA;2;2
811201102;8;1;68;10;3;NADA;2;2
811201103;8;1;29;8;1;NADA;2;2
811201105;8;1;53;12;1;NADA;2;2
811201204;8;2;26;15;1;NADA;2;2
811201207;8;1;84;5;3;NADA;2;2
811201217;8;2;29;19;1;NO SE ME OCURRE NADA;2;2
811201218;8;2;49;12;3;NADA;2;2
811201401;8;2;57;15;1;NADA;1;NA
811201403;8;2;62;17;3;NADA;2;1
811201503;8;2;34;17;1;NADA;2;2
811201504;8;2;42;14;1;NADA;2;2
820100204;8;1;59;10;1;NADA;2;2
820100302;8;1;22;8;1;NO SABE;2;2
820100303;8;2;38;12;1;NADA;2;2
820100305;8;2;46;6;1;NO SABE;2;2
820100401;8;1;53;8;1;NO SE ME VIENE NADA A LA CABEZA;2;2
820100403;8;1;72;1;3;NADA;2;2
820100409;8;1;76;2;3;NADA;2;2
820100503;8;1;21;12;1;NADA;2;2
820100504;8;1;70;0;3;NADA;2;2
820500408;8;1;82;0;3;NO SABE;2;2
830100102;8;2;53;8;3;NADA;2;2
830100106;8;1;42;10;1;NADA;2;2
830100107;8;2;43;12;1;NADA;2;1
830100108;8;1;83;3;3;NADA;2;2
830100204;8;2;27;11;3;NADA;1;NA
830100205;8;1;50;10;1;NADA;2;2
830100304;8;2;24;13;1;NADA;2;2
830100501;8;2;42;8;1;NADA;1;NA
830100512;8;2;64;12;3;NADA;2;2
830100513;8;2;47;8;1;NADA;2;2
830100514;8;2;27;16;1;NADA;2;1
830100525;8;2;72;0;3;NADA;2;2
830100706;8;2;65;10;3;NADA;2;2
830100712;8;2;65;6;3;NADA;2;2
830100807;8;2;15;9;3;NADA;1;NA
830100808;8;1;19;6;2;NADA;1;NA
830100901;8;2;92;6;3;NADA;2;1
830100905;8;2;32;8;2;NADA;1;NA
830100906;8;2;56;8;3;NADA;2;1
830100907;8;2;52;4;3;NADA;2;2
830100909;8;2;67;0;1;NADA;2;2
830101002;8;1;64;6;1;NADA;2;2
830101005;8;1;18;10;3;NADA;2;2
830101006;8;1;60;6;1;NADA;2;1
830101101;8;2;61;4;3;NADA;2;2
830101104;8;2;53;10;1;NADA;2;2
830101106;8;2;74;4;3;NADA;2;2
830101204;8;2;50;6;1;NADA;2;2
830101206;8;1;53;6;1;NADA;2;2
830101207;8;2;39;3;3;NADA;2;2
830101212;8;2;77;0;3;NADA;2;2
830101215;8;2;67;8;3;NADA;2;1
830101216;8;1;53;8;1;NADA;2;2
830101302;8;1;31;4;1;NADA;2;2
830101308;8;1;17;10;3;NADA;2;2
830101405;8;2;34;15;1;NADA;2;1
830101503;8;2;87;16;3;NADA;2;1
830101504;8;1;50;12;1;NADA;2;2
830101705;8;2;48;16;1;NADA;2;2
830300201;8;1;21;13;2;NADA;2;2
830300208;8;1;50;9;1;NADA;2;2
830300401;8;1;17;11;3;NADA;1;NA
830500101;8;2;32;4;1;NADA;2;2
830500103;8;2;22;7;3;NADA;2;1
830500105;8;2;23;12;1;NOSE;2;2
830500202;8;2;73;0;3;NADA;2;2
830500204;8;2;65;5;3;NADA;2;2
830500205;8;2;80;6;3;NADA;2;2
830500210;8;2;67;10;3;NADA;2;1
830500503;8;1;31;12;1;NADA;2;1
810101105;8;1;64;13;1;ACTIVIDADES PINTURA;2;1
810300603;8;2;62;11;3;PINTURA, LEER, ESCULTURAS;2;2
811001603;8;2;67;17;3;PINTURA;1;NA
811001612;8;2;62;12;3;PINTURA;2;2
811001907;8;2;60;8;3;PINTURAS ARTE;2;2
811201010;8;1;49;17;1;PINTURA;1;NA
811200709;8;1;40;17;1;POESIA;1;NA
830100509;8;2;29;16;1;POLITICA, ACONTECIMIENTOS SOCIALES, ORIGENES;1;NA
810700202;8;2;23;17;1;RECREACION;2;1
830500508;8;2;54;12;1;RECREACION, CONOCER MAS DE NUESTRA MISMA TIERRA, DE DONDE VENIMOS Y ACA EN MULCHEN HAY HARTAS CULTURAS;2;1
810200209;8;2;75;9;3;RESPETO Y SER CONCIENTE;2;2
810200515;8;2;51;12;3;RESPETO;2;2
810100202;8;2;30;17;1;TEATROS;2;1
810100207;8;2;85;12;3;OBRAS;2;1
810100504;8;2;83;1;3;TEATRO;2;2
810100601;8;2;60;9;3;UNO VA A UN TEATRO Y UNA OBRA;2;1
810101201;8;2;56;12;1;OBRAS DE TEATRO Y SABER;2;1
810101602;8;2;84;4;3;CONOCER LUGARES COMO MUSEOS, TEATROS, GALERIAS DE ARTE;2;2
810102414;8;1;72;4;3;TEATRO, ACTIVIDADES;2;2
810200304;8;2;15;10;3;TEATRO;2;2
810200709;8;2;15;7;3;TEATRO;2;2
810300804;8;2;43;9;1;TEATRO, OBRAS;2;1
810800402;8;2;47;8;1;TEATRO;2;2
810800605;8;2;43;10;1;OBRAS DE TEATRO;2;1
810801023;8;2;72;17;3;TEATRO;2;2
811000408;8;2;35;12;1;OBRAS DE TEATRO;2;2
811000702;8;1;17;11;3;TEATRO;2;2
811001110;8;1;97;7;3;OBRAS DE TEATRO;2;2
811001504;8;1;30;9;1;TEATRO;1;NA
811002405;8;1;34;9;1;TEATRO;2;1
811100403;8;1;58;8;1;TEATRO;2;2
811200409;8;2;35;10;1;TEATRO;2;2
811200701;8;1;40;17;1;TEATRO;2;2
820100310;8;1;28;8;1;ACTIVIDADES, TEATRO;2;2
820100405;8;1;55;12;3;TEATRO;2;2
830100507;8;2;32;17;1;OBRA DE TEATRO;2;1
830100606;8;2;29;16;1;TEATRO Y TRADICIONES;2;1
830100710;8;2;52;12;1;TEATRO;2;2
830101218;8;1;43;12;1;TEATRO;2;1
830101706;8;1;26;14;1;OBRA, MUSEO, BIBLIOTECA;2;2
830100802;8;2;75;15;3;ACTIVIDADES, BAILES, TEATROS;1;NA
810300907;8;2;32;12;1;TEATRO, LECTURA;2;2
810101610;8;1;48;13;1;LECTURA, TEATRO, DANZA;2;2
811001202;8;1;81;16;3;TEATRO, PATRIMONIOS;2;1
810800603;8;2;59;3;3;TELEVISION;1;NA
810100108;8;2;77;19;3;ABARCA MUCHOS ASPECTOS EDUCACION SOCIAL ARTISTICO POLITICA;1;NA
810100201;8;1;17;12;1;HISTORIA, SABER LO QUE PASA ANTIGUAMENTE O LA ACTUALIDAD SABER E ESTAR INFORMADO DE TODO RELEVANTE;1;NA
810100607;8;1;38;15;1;CONOCIMIENTO DE TODO LO QUE HAY ALREDEDOR;1;NA
810100804;8;2;75;6;3;SABER DE TODO Y ESTUDIOS, SABER LO QUE ACONTECE EN EL MUNDO;1;NA
810101005;8;1;77;12;3;SABER DE TODO;2;2
810101305;8;2;16;9;3;COMPLICADO, RAICES BASES DE ALGO;1;NA
810101306;8;2;65;17;1;ES TODO EL MODO DE VIVIR;2;1
810101513;8;2;60;8;1;TODO LO QUE ES ARTE Y NATURALEZA ENSEÑANZA Y EDUCACION;1;NA
810102217;8;2;58;23;1;DE TODO LIBRO TEATRO MUSICA PARQUES;1;NA
810102220;8;2;23;16;1;MUCHAS COSAS FORMA DE EXPRESAR;1;NA
810102601;8;2;52;15;1;CONJUNTO DE CONOCIMIENTO EN TODO AMBITO;2;1
810102618;8;1;42;15;1;DE TODO;1;NA
810200511;8;1;53;17;1;TODO LO QUE SE HACE EN UN PUEBLO O CIUDAD;2;1
810201710;8;1;42;12;1;TODA PERSONA QUE EXAMINA EL ENTORNO;2;1
810300201;8;2;38;15;3;TODO;2;1
810300204;8;1;30;15;2;TODO LO QUE TENGA QUE VER CON LA PARTE ARTISTICA;2;2
810300306;8;2;87;3;3;TODO LO QUE TIENE QUE VER CON OBRAS DE TEATRO Y ARTISTICA;2;2
810300307;8;1;31;12;1;TODO;2;2
810300505;8;2;45;15;2;NO SE, TODO LO QUE TENGA QUE VER CON EL ARTE;2;1
810301014;8;2;42;12;1;ARTE, HISTORIA DE TODO UN POCO;2;1
810301016;8;1;27;17;3;SABER DE TODO UN POCO;2;1
810600705;8;1;65;16;1;TODO LO QUE HAY EN UNA SOCIEDAD;2;2
810700106;8;1;44;15;1;TODO LO QUE TENGA QUE VER CON EL MEDIO ARTISTICO;2;1
810700304;8;2;72;15;3;TODO LO RELACIONADO CON EL ARTE Y CONOCER OTROS LUGARES;1;NA
810800201;8;2;30;17;1;TODO LO RELACIONADO CON EL ARTE;2;2
810801021;8;2;38;15;1;ES UN CONCEPTO MUY AMPLIO QUE ENGLOBA DESDE LO QUE SOMOS HASTA LO QUE QUEREMOS SER;2;2
811000608;8;1;61;12;2;SABER DE TODOS LOS AMBITOS;2;1
811100103;8;2;54;12;3;ARTE CIENCIA Y SABER DE TODO;1;NA
811100207;8;2;67;6;1;MUCHAS COSAS;2;2
811100505;8;2;16;10;3;SABER SOBRE TODO UN POCO;2;2
811100603;8;2;72;1;3;MUCHAS COSAS;2;1
811100703;8;2;30;17;1;ES AMPLIO MUCHAS COSAS;2;2
811200703;8;1;32;13;1;ALGO QUE TODOS DEBEN TENER;1;NA
830100520;8;2;61;16;1;TODO LO HACE EL HOMBRE;2;1
830100809;8;2;20;10;3;TODO;2;2
830100904;8;2;33;14;3;TODO LO QUE NOS RODEA COSTUMBRES;2;1
830101511;8;2;47;15;3;ALGO MUY NESESARIO;1;NA
830101512;8;2;29;14;3;MUCHOS ASPECTOS;2;1
830101514;8;1;24;10;3;MUCHAS COSAS;2;2
830101602;8;1;41;16;1;TODO LO HACE EL HOMBRE;1;NA
830101703;8;2;33;16;1;TODO;1;NA
830500402;8;2;68;17;3;TODO RAICES ANTEPASADOS;1;NA
